StartDate,EndDate,Status,IPAddress,Progress,Duration (in seconds),Finished,RecordedDate,ResponseId,RecipientLastName,RecipientFirstName,RecipientEmail,ExternalReference,LocationLatitude,LocationLongitude,DistributionChannel,UserLanguage,year_of_birth,sex,aff_com1_likert7,aff_com2_likert7,aff_com3_likert7rev,aff_com4_likert7rev,aff_com5_likert7rev,aff_com6_likert7,contin_com1_likert7,contin_com2_likert7,contin_com3_likert7,contin_com4_likert7,contin_com5_likert7,contin_com6_likert7,norm_com1_likert7rev,norm_com2_likert7,norm_com3_likert7,norm_com4_likert7,norm_com5_likert7,norm_com6_likert7,job_aff1_likert5,job_aff2_likert5,job_aff3_likert5,job_aff4_likert5
Start Date,End Date,Response Type,IP Address,Progress,Duration (in seconds),Finished,Recorded Date,Response ID,Recipient Last Name,Recipient First Name,Recipient Email,External Data Reference,Location Latitude,Location Longitude,Distribution Channel,User Language,In what year where you born?,What sex are you?,Indicate the extent to which you agree with each of the statements below. - I would be very happy to spend the rest of my career with this organization.,Indicate the extent to which you agree with each of the statements below. - I really feel as if this organization's problems are my own.,"Indicate the extent to which you agree with each of the statements below. - I do not feel a strong sense of ""belonging"" to my organization.","Indicate the extent to which you agree with each of the statements below. - I do not feel ""emotionally attached"" to this organization.","Indicate the extent to which you agree with each of the statements below. - I do not feel like ""part of the family"" at my organization.",Indicate the extent to which you agree with each of the statements below. - This organization has a great deal of personal meaning for me.,"Indicate the extent to which you agree with each of the statements below. - Right now, staying with my organization is a  matter of necessity as much as desire.","Indicate the extent to which you agree with each of the statements below. - It would be very hard for me to leave my organization right now, even if I wanted to.",Indicate the extent to which you agree with each of the statements below. - Too much of my life would be disrupted if I decided I wanted to leave my organization now.,Indicate the extent to which you agree with each of the statements below. - I feel that I have too few options to consider leaving this organization.,"Indicate the extent to which you agree with each of the statements below. - If I had not already put so much of myself into this organization, I might consider working elsewhere.",Indicate the extent to which you agree with each of the statements below. - One of the few negative consequences of leaving this organization would be the scarcity of available alternatives.,Indicate the extent to which you agree with each of the statements below. - I do not feel any obligation to remain with my current employer.,"Indicate the extent to which you agree with each of the statements below. - Even if it were to my advantage, I do not feel it would be right to leave my organization now.",Indicate the extent to which you agree with each of the statements below. - I would feel guilty if I left my organization now.,Indicate the extent to which you agree with each of the statements below. - This organization deserves my loyalty.,Indicate the extent to which you agree with each of the statements below. - I would not leave my organization right now because I have a sense of obligation to the people in it.,Indicate the extent to which you agree with each of the statements below. - I owe a great deal to my organization.,I find real enjoyment in my job,I like my job better than the average person,Most days I am enthusiastic about my job,I feel fairly well satisfied with my job
"{""ImportId"":""startDate"",""timeZone"":""America/Denver""}","{""ImportId"":""endDate"",""timeZone"":""America/Denver""}","{""ImportId"":""status""}","{""ImportId"":""ipAddress""}","{""ImportId"":""progress""}","{""ImportId"":""duration""}","{""ImportId"":""finished""}","{""ImportId"":""recordedDate"",""timeZone"":""America/Denver""}","{""ImportId"":""_recordId""}","{""ImportId"":""recipientLastName""}","{""ImportId"":""recipientFirstName""}","{""ImportId"":""recipientEmail""}","{""ImportId"":""externalDataReference""}","{""ImportId"":""locationLatitude""}","{""ImportId"":""locationLongitude""}","{""ImportId"":""distributionChannel""}","{""ImportId"":""userLanguage""}","{""ImportId"":""QID2""}","{""ImportId"":""QID3""}","{""ImportId"":""QID4_1""}","{""ImportId"":""QID4_2""}","{""ImportId"":""QID4_3""}","{""ImportId"":""QID4_4""}","{""ImportId"":""QID4_5""}","{""ImportId"":""QID4_6""}","{""ImportId"":""QID4_7""}","{""ImportId"":""QID4_8""}","{""ImportId"":""QID4_9""}","{""ImportId"":""QID4_10""}","{""ImportId"":""QID4_11""}","{""ImportId"":""QID4_12""}","{""ImportId"":""QID4_13""}","{""ImportId"":""QID4_14""}","{""ImportId"":""QID4_15""}","{""ImportId"":""QID4_16""}","{""ImportId"":""QID4_17""}","{""ImportId"":""QID4_18""}","{""ImportId"":""QID5""}","{""ImportId"":""QID6""}","{""ImportId"":""QID7""}","{""ImportId"":""QID8""}"
2021-08-11 16:10,2021-08-11 16:10,Survey Test,,100,0,TRUE,2021-08-11 16:10,R_cusSylGcnia1XFA,,,,,43.51809692,-80.18730164,test,,1961,female,Slightly Agree,Slightly Agree,Strongly Disagree,Moderately Disagree,Strongly Disagree,Moderately Agree,Strongly Agree,Slightly Agree,Strongly Disagree,Moderately Agree,Slightly Agree,Moderately Disagree,Neither Agree nor Disagree,Moderately Disagree,Neither Agree nor Disagree,Moderately Disagree,Strongly Disagree,Strongly Agree,Strongly Agree,Strongly Disagree,Neutral,Disagree
2021-08-11 16:10,2021-08-11 16:10,Survey Test,,100,0,TRUE,2021-08-11 16:10,R_3KMMVrWs9qMoudU,,,,,43.51809692,-80.18730164,test,,2006,female,Neither Agree nor Disagree,Slightly Disagree,Neither Agree nor Disagree,Strongly Agree,Neither Agree nor Disagree,Strongly Agree,Neither Agree nor Disagree,Slightly Agree,Slightly Disagree,Neither Agree nor Disagree,Slightly Agree,Moderately Disagree,Slightly Disagree,Moderately Agree,Neither Agree nor Disagree,Moderately Disagree,Strongly Disagree,Strongly Disagree,Strongly Agree,Strongly Agree,Strongly Disagree,Strongly Agree
2021-08-11 16:10,2021-08-11 16:10,Survey Test,,100,0,TRUE,2021-08-11 16:10,R_8Iht6uXXpqYqlym,,,,,43.51809692,-80.18730164,test,,2008,female,Moderately Disagree,Neither Agree nor Disagree,Moderately Disagree,Moderately Agree,Moderately Agree,Strongly Disagree,Strongly Disagree,Slightly Disagree,Strongly Agree,Slightly Disagree,Strongly Disagree,Strongly Disagree,Moderately Agree,Strongly Disagree,Strongly Agree,Strongly Disagree,Strongly Disagree,Moderately Disagree,Neutral,Strongly Agree,Disagree,Agree
2021-08-11 16:10,2021-08-11 16:10,Survey Test,,100,0,TRUE,2021-08-11 16:10,R_cC88bovugHB1l7E,,,,,43.51809692,-80.18730164,test,,1985,male,Strongly Agree,Moderately Disagree,Slightly Agree,Moderately Agree,Slightly Agree,Strongly Agree,Slightly Disagree,Moderately Disagree,Strongly Agree,Strongly Agree,Neither Agree nor Disagree,Neither Agree nor Disagree,Slightly Disagree,Slightly Agree,Slightly Disagree,Moderately Agree,Slightly Agree,Neither Agree nor Disagree,Strongly Disagree,Disagree,Strongly Agree,Strongly Disagree
2021-08-11 16:10,2021-08-11 16:10,Survey Test,,100,0,TRUE,2021-08-11 16:10,R_9z56cdiLzJjyvEG,,,,,43.51809692,-80.18730164,test,,1953,intersex,Strongly Disagree,Moderately Agree,Strongly Agree,Slightly Disagree,Slightly Disagree,Slightly Agree,Moderately Disagree,Strongly Agree,Slightly Agree,Strongly Agree,Neither Agree nor Disagree,Strongly Agree,Slightly Disagree,Slightly Disagree,Strongly Disagree,Neither Agree nor Disagree,Strongly Agree,Moderately Agree,Strongly Disagree,Neutral,Strongly Agree,Strongly Agree
2021-08-11 16:10,2021-08-11 16:10,Survey Test,,100,0,TRUE,2021-08-11 16:10,R_6y4hcFBjzQIaTcy,,,,,43.51809692,-80.18730164,test,,1957,intersex,Moderately Agree,Strongly Agree,Moderately Disagree,Slightly Agree,Strongly Agree,Moderately Agree,Strongly Disagree,Moderately Agree,Moderately Disagree,Slightly Agree,Moderately Agree,Strongly Agree,Moderately Agree,Moderately Disagree,Strongly Disagree,Moderately Agree,Neither Agree nor Disagree,Moderately Agree,Neutral,Strongly Disagree,Neutral,Neutral
2021-08-11 16:10,2021-08-11 16:10,Survey Test,,100,0,TRUE,2021-08-11 16:10,R_1Gp8Qofa4YdexMi,,,,,43.51809692,-80.18730164,test,,1998,intersex,Moderately Agree,Moderately Disagree,Moderately Agree,Strongly Agree,Slightly Agree,Slightly Agree,Strongly Disagree,Strongly Disagree,Strongly Agree,Neither Agree nor Disagree,Slightly Agree,Moderately Agree,Slightly Agree,Slightly Disagree,Neither Agree nor Disagree,Strongly Disagree,Slightly Disagree,Strongly Disagree,Agree,Neutral,Neutral,Strongly Disagree
2021-08-11 16:10,2021-08-11 16:10,Survey Test,,100,0,TRUE,2021-08-11 16:10,R_eR4kTFhKi5oE1VA,,,,,43.51809692,-80.18730164,test,,1970,male,Moderately Disagree,Slightly Disagree,Slightly Disagree,Moderately Agree,Strongly Agree,Strongly Agree,Moderately Agree,Slightly Disagree,Moderately Disagree,Slightly Agree,Slightly Agree,Moderately Agree,Strongly Agree,Strongly Disagree,Slightly Disagree,Strongly Disagree,Moderately Agree,Neither Agree nor Disagree,Agree,Neutral,Strongly Disagree,Neutral
2021-08-11 16:10,2021-08-11 16:10,Survey Test,,100,0,TRUE,2021-08-11 16:10,R_9ZevomfD6ovg8Dk,,,,,43.51809692,-80.18730164,test,,1983,female,Neither Agree nor Disagree,Moderately Disagree,Slightly Agree,Strongly Agree,Slightly Agree,Neither Agree nor Disagree,Strongly Agree,Slightly Agree,Strongly Agree,Slightly Disagree,Slightly Agree,Neither Agree nor Disagree,Slightly Disagree,Strongly Agree,Slightly Disagree,Slightly Agree,Neither Agree nor Disagree,Moderately Agree,Strongly Disagree,Strongly Agree,Strongly Agree,Neutral
2021-08-11 16:10,2021-08-11 16:10,Survey Test,,100,0,TRUE,2021-08-11 16:10,R_5prrxheRVFbAw9U,,,,,43.51809692,-80.18730164,test,,1959,female,Moderately Disagree,Strongly Agree,Neither Agree nor Disagree,Moderately Disagree,Slightly Agree,Moderately Disagree,Slightly Disagree,Moderately Disagree,Strongly Disagree,Moderately Disagree,Moderately Disagree,Slightly Agree,Strongly Agree,Strongly Disagree,Slightly Agree,Slightly Agree,Neither Agree nor Disagree,Moderately Disagree,Agree,Strongly Agree,Disagree,Strongly Agree
2021-08-11 16:10,2021-08-11 16:10,Survey Test,,100,0,TRUE,2021-08-11 16:10,R_bs99IlqJPwfr0UK,,,,,43.51809692,-80.18730164,test,,2008,intersex,Slightly Agree,Slightly Disagree,Slightly Disagree,Strongly Agree,Neither Agree nor Disagree,Strongly Agree,Moderately Agree,Neither Agree nor Disagree,Neither Agree nor Disagree,Moderately Disagree,Slightly Agree,Moderately Disagree,Slightly Agree,Strongly Disagree,Slightly Disagree,Slightly Agree,Strongly Disagree,Strongly Disagree,Neutral,Agree,Neutral,Disagree
2021-08-11 16:10,2021-08-11 16:10,Survey Test,,100,0,TRUE,2021-08-11 16:10,R_bNMcCWHhxqEEc0C,,,,,43.51809692,-80.18730164,test,,1982,male,Neither Agree nor Disagree,Neither Agree nor Disagree,Slightly Disagree,Moderately Disagree,Slightly Agree,Strongly Agree,Moderately Disagree,Slightly Agree,Moderately Disagree,Neither Agree nor Disagree,Moderately Agree,Slightly Agree,Strongly Disagree,Moderately Agree,Slightly Agree,Slightly Disagree,Slightly Disagree,Neither Agree nor Disagree,Strongly Agree,Neutral,Agree,Strongly Agree
2021-08-11 16:10,2021-08-11 16:10,Survey Test,,100,0,TRUE,2021-08-11 16:10,R_80J5b9RLoTG1WF8,,,,,43.51809692,-80.18730164,test,,1983,intersex,Strongly Agree,Neither Agree nor Disagree,Moderately Disagree,Slightly Agree,Slightly Disagree,Slightly Agree,Moderately Disagree,Strongly Disagree,Neither Agree nor Disagree,Moderately Disagree,Slightly Disagree,Slightly Agree,Slightly Agree,Moderately Agree,Moderately Disagree,Moderately Disagree,Slightly Disagree,Strongly Disagree,Strongly Agree,Strongly Disagree,Strongly Agree,Disagree
2021-08-11 16:10,2021-08-11 16:10,Survey Test,,100,0,TRUE,2021-08-11 16:10,R_71CYbqXJ04j6uvs,,,,,43.51809692,-80.18730164,test,,1965,male,Slightly Disagree,Strongly Disagree,Moderately Disagree,Moderately Agree,Strongly Disagree,Slightly Disagree,Slightly Agree,Moderately Agree,Slightly Agree,Strongly Agree,Slightly Agree,Slightly Agree,Slightly Disagree,Moderately Agree,Slightly Disagree,Slightly Disagree,Strongly Disagree,Slightly Agree,Strongly Disagree,Strongly Disagree,Agree,Neutral
2021-08-11 16:10,2021-08-11 16:10,Survey Test,,100,0,TRUE,2021-08-11 16:10,R_37SVMRT8TW5nTJY,,,,,43.51809692,-80.18730164,test,,1960,intersex,Strongly Disagree,Moderately Agree,Moderately Agree,Strongly Disagree,Slightly Disagree,Moderately Disagree,Slightly Agree,Moderately Agree,Moderately Agree,Slightly Disagree,Moderately Disagree,Slightly Agree,Slightly Agree,Strongly Agree,Moderately Disagree,Slightly Disagree,Moderately Agree,Moderately Agree,Disagree,Strongly Agree,Disagree,Strongly Disagree
2021-08-11 16:10,2021-08-11 16:10,Survey Test,,100,0,TRUE,2021-08-11 16:10,R_8vrJwASvgK5lry6,,,,,43.51809692,-80.18730164,test,,1956,male,Strongly Agree,Moderately Disagree,Moderately Disagree,Neither Agree nor Disagree,Moderately Disagree,Neither Agree nor Disagree,Slightly Disagree,Moderately Agree,Strongly Disagree,Strongly Agree,Strongly Agree,Slightly Agree,Neither Agree nor Disagree,Moderately Agree,Slightly Disagree,Slightly Agree,Strongly Disagree,Slightly Disagree,Strongly Disagree,Neutral,Neutral,Strongly Agree
2021-08-11 16:10,2021-08-11 16:10,Survey Test,,100,0,TRUE,2021-08-11 16:10,R_eWFiGJMJdJbSQ8S,,,,,43.51809692,-80.18730164,test,,1997,intersex,Slightly Disagree,Slightly Agree,Strongly Agree,Neither Agree nor Disagree,Neither Agree nor Disagree,Neither Agree nor Disagree,Slightly Agree,Moderately Disagree,Moderately Agree,Slightly Agree,Moderately Agree,Slightly Disagree,Moderately Disagree,Neither Agree nor Disagree,Strongly Disagree,Slightly Agree,Strongly Agree,Neither Agree nor Disagree,Neutral,Strongly Agree,Neutral,Strongly Agree
2021-08-11 16:10,2021-08-11 16:10,Survey Test,,100,0,TRUE,2021-08-11 16:10,R_7PXSSjaQEwG8fTE,,,,,43.51809692,-80.18730164,test,,1955,intersex,Strongly Disagree,Strongly Disagree,Moderately Disagree,Moderately Agree,Slightly Agree,Strongly Disagree,Slightly Agree,Neither Agree nor Disagree,Strongly Disagree,Moderately Agree,Neither Agree nor Disagree,Slightly Disagree,Strongly Agree,Slightly Disagree,Moderately Disagree,Slightly Agree,Moderately Agree,Moderately Agree,Neutral,Strongly Disagree,Strongly Disagree,Agree
2021-08-11 16:10,2021-08-11 16:10,Survey Test,,100,0,TRUE,2021-08-11 16:10,R_eKWXZObkILAa3Fc,,,,,43.51809692,-80.18730164,test,,1962,intersex,Neither Agree nor Disagree,Strongly Disagree,Strongly Disagree,Slightly Agree,Strongly Disagree,Moderately Disagree,Moderately Disagree,Neither Agree nor Disagree,Strongly Disagree,Moderately Agree,Strongly Disagree,Moderately Agree,Strongly Disagree,Moderately Disagree,Moderately Disagree,Slightly Agree,Slightly Agree,Neither Agree nor Disagree,Strongly Agree,Strongly Agree,Strongly Agree,Disagree
2021-08-11 16:10,2021-08-11 16:10,Survey Test,,100,0,TRUE,2021-08-11 16:10,R_25jGMzGtjqUUQLA,,,,,43.51809692,-80.18730164,test,,1964,male,Neither Agree nor Disagree,Moderately Agree,Slightly Disagree,Moderately Agree,Strongly Agree,Strongly Disagree,Moderately Disagree,Strongly Disagree,Strongly Agree,Neither Agree nor Disagree,Moderately Agree,Moderately Disagree,Neither Agree nor Disagree,Moderately Agree,Moderately Disagree,Neither Agree nor Disagree,Neither Agree nor Disagree,Slightly Disagree,Agree,Strongly Disagree,Agree,Neutral
2021-08-11 16:10,2021-08-11 16:10,Survey Test,,100,0,TRUE,2021-08-11 16:10,R_dcZ6VlrvADgFVAy,,,,,43.51809692,-80.18730164,test,,2007,female,Strongly Agree,Strongly Agree,Moderately Disagree,Moderately Agree,Moderately Agree,Slightly Disagree,Moderately Disagree,Strongly Disagree,Strongly Agree,Strongly Disagree,Strongly Agree,Slightly Agree,Moderately Agree,Strongly Disagree,Moderately Disagree,Slightly Agree,Slightly Disagree,Neither Agree nor Disagree,Disagree,Strongly Agree,Strongly Disagree,Strongly Agree
2021-08-11 16:10,2021-08-11 16:10,Survey Test,,100,0,TRUE,2021-08-11 16:10,R_7amrDZHs7ZL0yai,,,,,43.51809692,-80.18730164,test,,1954,intersex,Slightly Disagree,Slightly Agree,Neither Agree nor Disagree,Moderately Agree,Moderately Agree,Neither Agree nor Disagree,Strongly Disagree,Strongly Disagree,Strongly Disagree,Neither Agree nor Disagree,Neither Agree nor Disagree,Slightly Agree,Moderately Disagree,Moderately Disagree,Strongly Agree,Slightly Disagree,Slightly Agree,Moderately Disagree,Agree,Neutral,Agree,Agree
2021-08-11 16:10,2021-08-11 16:10,Survey Test,,100,0,TRUE,2021-08-11 16:10,R_cwQxtjq47rQhjnw,,,,,43.51809692,-80.18730164,test,,1970,female,Neither Agree nor Disagree,Strongly Agree,Slightly Agree,Strongly Disagree,Strongly Agree,Strongly Disagree,Slightly Disagree,Slightly Disagree,Moderately Disagree,Neither Agree nor Disagree,Slightly Agree,Moderately Agree,Moderately Disagree,Strongly Disagree,Moderately Agree,Moderately Agree,Strongly Disagree,Moderately Disagree,Agree,Disagree,Agree,Strongly Disagree
2021-08-11 16:10,2021-08-11 16:10,Survey Test,,100,0,TRUE,2021-08-11 16:10,R_d7iCWa01dFfxVzM,,,,,43.51809692,-80.18730164,test,,1954,male,Neither Agree nor Disagree,Moderately Disagree,Slightly Agree,Neither Agree nor Disagree,Moderately Disagree,Slightly Agree,Slightly Agree,Strongly Disagree,Strongly Disagree,Slightly Agree,Neither Agree nor Disagree,Moderately Disagree,Strongly Disagree,Slightly Disagree,Moderately Agree,Strongly Agree,Neither Agree nor Disagree,Slightly Disagree,Agree,Agree,Agree,Strongly Agree
2021-08-11 16:10,2021-08-11 16:10,Survey Test,,100,0,TRUE,2021-08-11 16:10,R_ebNbNKrwenLG8E6,,,,,43.51809692,-80.18730164,test,,1975,female,Slightly Disagree,Slightly Disagree,Neither Agree nor Disagree,Moderately Agree,Moderately Agree,Strongly Disagree,Slightly Disagree,Moderately Agree,Moderately Agree,Slightly Agree,Strongly Disagree,Slightly Disagree,Neither Agree nor Disagree,Strongly Disagree,Strongly Disagree,Slightly Disagree,Moderately Agree,Neither Agree nor Disagree,Neutral,Strongly Disagree,Strongly Disagree,Strongly Agree
2021-08-11 16:10,2021-08-11 16:10,Survey Test,,100,0,TRUE,2021-08-11 16:10,R_bjfcPe25HuleeTI,,,,,43.51809692,-80.18730164,test,,1951,male,Slightly Agree,Strongly Agree,Slightly Agree,Strongly Agree,Strongly Disagree,Moderately Disagree,Neither Agree nor Disagree,Strongly Disagree,Moderately Agree,Neither Agree nor Disagree,Slightly Agree,Moderately Agree,Neither Agree nor Disagree,Slightly Disagree,Slightly Agree,Slightly Agree,Strongly Disagree,Slightly Disagree,Strongly Disagree,Agree,Disagree,Strongly Agree
2021-08-11 16:10,2021-08-11 16:10,Survey Test,,100,0,TRUE,2021-08-11 16:10,R_dbsdfA3Re7ZFDZc,,,,,43.51809692,-80.18730164,test,,2004,male,Strongly Disagree,Strongly Disagree,Strongly Agree,Strongly Agree,Strongly Agree,Moderately Agree,Strongly Disagree,Slightly Disagree,Moderately Agree,Slightly Disagree,Strongly Disagree,Moderately Agree,Strongly Agree,Moderately Agree,Moderately Agree,Slightly Disagree,Moderately Disagree,Neither Agree nor Disagree,Agree,Disagree,Strongly Agree,Neutral
2021-08-11 16:10,2021-08-11 16:10,Survey Test,,100,0,TRUE,2021-08-11 16:10,R_1FYgJpoUUF8xAtE,,,,,43.51809692,-80.18730164,test,,2006,intersex,Slightly Agree,Moderately Disagree,Strongly Disagree,Slightly Disagree,Strongly Agree,Slightly Disagree,Neither Agree nor Disagree,Slightly Disagree,Strongly Disagree,Moderately Agree,Moderately Disagree,Strongly Agree,Slightly Agree,Slightly Disagree,Moderately Agree,Moderately Disagree,Slightly Disagree,Moderately Agree,Disagree,Agree,Strongly Agree,Strongly Disagree
2021-08-11 16:10,2021-08-11 16:10,Survey Test,,100,0,TRUE,2021-08-11 16:10,R_9tSpzizaUYbD7sW,,,,,43.51809692,-80.18730164,test,,2005,male,Strongly Agree,Strongly Disagree,Slightly Agree,Strongly Disagree,Strongly Agree,Strongly Disagree,Slightly Disagree,Neither Agree nor Disagree,Neither Agree nor Disagree,Slightly Agree,Strongly Agree,Slightly Agree,Neither Agree nor Disagree,Strongly Agree,Slightly Disagree,Slightly Agree,Neither Agree nor Disagree,Moderately Disagree,Strongly Agree,Agree,Strongly Disagree,Disagree
2021-08-11 16:10,2021-08-11 16:10,Survey Test,,100,0,TRUE,2021-08-11 16:10,R_6VUrI6zP1QBu7m6,,,,,43.51809692,-80.18730164,test,,1993,male,Moderately Disagree,Strongly Disagree,Slightly Agree,Moderately Disagree,Moderately Disagree,Slightly Disagree,Neither Agree nor Disagree,Slightly Disagree,Moderately Disagree,Slightly Disagree,Neither Agree nor Disagree,Neither Agree nor Disagree,Moderately Agree,Neither Agree nor Disagree,Neither Agree nor Disagree,Slightly Disagree,Moderately Disagree,Neither Agree nor Disagree,Disagree,Strongly Agree,Strongly Disagree,Disagree
2021-08-11 16:10,2021-08-11 16:10,Survey Test,,100,0,TRUE,2021-08-11 16:10,R_86LC7pzUKgBRLSu,,,,,43.51809692,-80.18730164,test,,1959,male,Strongly Agree,Strongly Agree,Slightly Disagree,Neither Agree nor Disagree,Slightly Agree,Moderately Disagree,Neither Agree nor Disagree,Neither Agree nor Disagree,Moderately Disagree,Strongly Agree,Slightly Agree,Strongly Agree,Moderately Agree,Moderately Agree,Moderately Agree,Strongly Agree,Neither Agree nor Disagree,Moderately Disagree,Strongly Disagree,Neutral,Agree,Strongly Agree
2021-08-11 16:10,2021-08-11 16:10,Survey Test,,100,0,TRUE,2021-08-11 16:10,R_bPlGM7pviu5FWg6,,,,,43.51809692,-80.18730164,test,,1985,female,Strongly Agree,Strongly Disagree,Strongly Agree,Neither Agree nor Disagree,Moderately Disagree,Strongly Agree,Moderately Disagree,Strongly Agree,Slightly Disagree,Moderately Agree,Strongly Agree,Slightly Agree,Neither Agree nor Disagree,Strongly Disagree,Moderately Disagree,Neither Agree nor Disagree,Moderately Agree,Slightly Disagree,Strongly Disagree,Strongly Agree,Disagree,Disagree
2021-08-11 16:10,2021-08-11 16:10,Survey Test,,100,0,TRUE,2021-08-11 16:10,R_5d4rjJcqXftc4nA,,,,,43.51809692,-80.18730164,test,,1961,male,Strongly Agree,Moderately Disagree,Slightly Agree,Slightly Disagree,Moderately Disagree,Strongly Agree,Strongly Disagree,Moderately Agree,Moderately Agree,Slightly Agree,Neither Agree nor Disagree,Moderately Agree,Neither Agree nor Disagree,Slightly Agree,Strongly Disagree,Slightly Agree,Slightly Disagree,Moderately Agree,Disagree,Strongly Disagree,Strongly Agree,Strongly Disagree
2021-08-11 16:10,2021-08-11 16:10,Survey Test,,100,0,TRUE,2021-08-11 16:10,R_e9XAJJOhlj8zH2C,,,,,43.51809692,-80.18730164,test,,1952,female,Moderately Agree,Moderately Agree,Strongly Disagree,Strongly Disagree,Moderately Agree,Strongly Disagree,Slightly Agree,Neither Agree nor Disagree,Moderately Agree,Neither Agree nor Disagree,Moderately Disagree,Strongly Agree,Strongly Disagree,Slightly Disagree,Moderately Agree,Slightly Disagree,Moderately Disagree,Strongly Agree,Strongly Disagree,Strongly Disagree,Agree,Neutral
2021-08-11 16:10,2021-08-11 16:10,Survey Test,,100,0,TRUE,2021-08-11 16:10,R_6zKv7enta1rpBIi,,,,,43.51809692,-80.18730164,test,,1953,intersex,Neither Agree nor Disagree,Neither Agree nor Disagree,Slightly Agree,Neither Agree nor Disagree,Strongly Disagree,Slightly Disagree,Slightly Disagree,Strongly Disagree,Slightly Disagree,Slightly Agree,Strongly Agree,Neither Agree nor Disagree,Neither Agree nor Disagree,Slightly Agree,Strongly Agree,Neither Agree nor Disagree,Strongly Agree,Strongly Disagree,Disagree,Neutral,Strongly Disagree,Strongly Agree
2021-08-11 16:10,2021-08-11 16:10,Survey Test,,100,0,TRUE,2021-08-11 16:10,R_6WLwO1fPAyrDEbk,,,,,43.51809692,-80.18730164,test,,2005,intersex,Moderately Agree,Moderately Disagree,Slightly Disagree,Moderately Disagree,Moderately Agree,Moderately Agree,Moderately Disagree,Neither Agree nor Disagree,Neither Agree nor Disagree,Moderately Agree,Neither Agree nor Disagree,Moderately Disagree,Moderately Disagree,Slightly Agree,Moderately Agree,Neither Agree nor Disagree,Neither Agree nor Disagree,Strongly Disagree,Agree,Strongly Disagree,Disagree,Disagree
2021-08-11 16:10,2021-08-11 16:10,Survey Test,,100,0,TRUE,2021-08-11 16:10,R_cVedyTpfqVuSF1A,,,,,43.51809692,-80.18730164,test,,1949,female,Slightly Disagree,Slightly Disagree,Strongly Disagree,Slightly Agree,Slightly Disagree,Strongly Agree,Strongly Disagree,Moderately Disagree,Neither Agree nor Disagree,Neither Agree nor Disagree,Strongly Agree,Neither Agree nor Disagree,Slightly Agree,Strongly Disagree,Slightly Agree,Slightly Disagree,Slightly Disagree,Neither Agree nor Disagree,Agree,Agree,Neutral,Strongly Agree
2021-08-11 16:10,2021-08-11 16:10,Survey Test,,100,0,TRUE,2021-08-11 16:10,R_beIbAkSEqD7uCma,,,,,43.51809692,-80.18730164,test,,1943,female,Slightly Disagree,Strongly Disagree,Neither Agree nor Disagree,Neither Agree nor Disagree,Strongly Disagree,Strongly Agree,Slightly Disagree,Moderately Disagree,Neither Agree nor Disagree,Moderately Disagree,Strongly Agree,Neither Agree nor Disagree,Strongly Agree,Slightly Disagree,Moderately Disagree,Moderately Agree,Moderately Agree,Neither Agree nor Disagree,Strongly Disagree,Agree,Strongly Disagree,Disagree
2021-08-11 16:10,2021-08-11 16:10,Survey Test,,100,0,TRUE,2021-08-11 16:10,R_1NvIHz8Z2juS4C2,,,,,43.51809692,-80.18730164,test,,1967,female,Slightly Disagree,Strongly Agree,Slightly Disagree,Slightly Agree,Slightly Disagree,Neither Agree nor Disagree,Neither Agree nor Disagree,Moderately Disagree,Slightly Agree,Neither Agree nor Disagree,Strongly Disagree,Moderately Disagree,Slightly Agree,Moderately Disagree,Neither Agree nor Disagree,Strongly Disagree,Slightly Agree,Slightly Disagree,Strongly Agree,Disagree,Agree,Strongly Agree
2021-08-11 16:10,2021-08-11 16:10,Survey Test,,100,0,TRUE,2021-08-11 16:10,R_9t4u9HycpS0v2mO,,,,,43.51809692,-80.18730164,test,,1991,female,Strongly Disagree,Slightly Disagree,Slightly Agree,Strongly Agree,Moderately Disagree,Moderately Disagree,Strongly Disagree,Neither Agree nor Disagree,Moderately Agree,Neither Agree nor Disagree,Strongly Agree,Slightly Agree,Slightly Disagree,Slightly Agree,Strongly Disagree,Slightly Agree,Moderately Agree,Slightly Agree,Neutral,Disagree,Strongly Disagree,Strongly Disagree
2021-08-11 16:10,2021-08-11 16:10,Survey Test,,100,0,TRUE,2021-08-11 16:10,R_73Pt44tddBH2fpc,,,,,43.51809692,-80.18730164,test,,1990,female,Slightly Disagree,Slightly Agree,Strongly Disagree,Strongly Disagree,Moderately Agree,Neither Agree nor Disagree,Slightly Disagree,Strongly Disagree,Slightly Disagree,Moderately Disagree,Slightly Agree,Neither Agree nor Disagree,Strongly Disagree,Slightly Disagree,Moderately Agree,Slightly Disagree,Slightly Disagree,Moderately Agree,Strongly Disagree,Disagree,Disagree,Neutral
2021-08-11 16:10,2021-08-11 16:10,Survey Test,,100,0,TRUE,2021-08-11 16:10,R_9RLxfisQXv94BxQ,,,,,43.51809692,-80.18730164,test,,1961,female,Slightly Agree,Neither Agree nor Disagree,Slightly Agree,Slightly Disagree,Slightly Agree,Slightly Agree,Slightly Agree,Strongly Disagree,Strongly Disagree,Strongly Agree,Moderately Disagree,Neither Agree nor Disagree,Slightly Disagree,Slightly Agree,Moderately Disagree,Strongly Disagree,Slightly Disagree,Slightly Disagree,Strongly Agree,Strongly Disagree,Disagree,Disagree
2021-08-11 16:10,2021-08-11 16:10,Survey Test,,100,0,TRUE,2021-08-11 16:10,R_elEpx4wZn7d6DqK,,,,,43.51809692,-80.18730164,test,,1946,male,Slightly Agree,Strongly Disagree,Slightly Agree,Moderately Disagree,Strongly Agree,Strongly Disagree,Moderately Disagree,Moderately Disagree,Slightly Agree,Slightly Agree,Strongly Agree,Moderately Agree,Strongly Disagree,Strongly Disagree,Slightly Disagree,Strongly Disagree,Strongly Agree,Slightly Disagree,Strongly Agree,Strongly Agree,Neutral,Strongly Agree
2021-08-11 16:10,2021-08-11 16:10,Survey Test,,100,0,TRUE,2021-08-11 16:10,R_9zxwl5RZAB60PFs,,,,,43.51809692,-80.18730164,test,,1953,intersex,Moderately Agree,Slightly Disagree,Neither Agree nor Disagree,Slightly Agree,Strongly Agree,Neither Agree nor Disagree,Slightly Disagree,Slightly Agree,Slightly Disagree,Slightly Disagree,Strongly Agree,Slightly Agree,Moderately Disagree,Slightly Disagree,Slightly Agree,Neither Agree nor Disagree,Moderately Agree,Moderately Agree,Strongly Agree,Strongly Disagree,Neutral,Neutral
2021-08-11 16:10,2021-08-11 16:10,Survey Test,,100,0,TRUE,2021-08-11 16:10,R_9ABWdfLcB1KQfqK,,,,,43.51809692,-80.18730164,test,,1950,intersex,Slightly Agree,Slightly Agree,Strongly Disagree,Slightly Agree,Neither Agree nor Disagree,Moderately Agree,Slightly Disagree,Moderately Agree,Moderately Agree,Slightly Disagree,Slightly Disagree,Slightly Disagree,Slightly Disagree,Neither Agree nor Disagree,Moderately Disagree,Slightly Agree,Moderately Agree,Neither Agree nor Disagree,Agree,Strongly Disagree,Agree,Disagree
2021-08-11 16:10,2021-08-11 16:10,Survey Test,,100,0,TRUE,2021-08-11 16:10,R_e3Dbl8u30fkhxKm,,,,,43.51809692,-80.18730164,test,,1981,intersex,Strongly Disagree,Strongly Disagree,Slightly Disagree,Moderately Agree,Slightly Agree,Moderately Agree,Strongly Disagree,Slightly Disagree,Moderately Agree,Slightly Agree,Neither Agree nor Disagree,Neither Agree nor Disagree,Slightly Disagree,Moderately Disagree,Moderately Agree,Strongly Disagree,Slightly Agree,Slightly Agree,Agree,Agree,Strongly Agree,Disagree
2021-08-11 16:10,2021-08-11 16:10,Survey Test,,100,0,TRUE,2021-08-11 16:10,R_0P9iMDHbcD8HHDM,,,,,43.51809692,-80.18730164,test,,2000,male,Strongly Disagree,Moderately Disagree,Slightly Disagree,Strongly Agree,Slightly Agree,Strongly Disagree,Moderately Agree,Strongly Agree,Moderately Agree,Neither Agree nor Disagree,Moderately Disagree,Moderately Disagree,Slightly Agree,Moderately Agree,Neither Agree nor Disagree,Strongly Agree,Slightly Agree,Neither Agree nor Disagree,Neutral,Agree,Agree,Disagree
2021-08-11 16:10,2021-08-11 16:10,Survey Test,,100,0,TRUE,2021-08-11 16:10,R_39LMJMMp7v5iN94,,,,,43.51809692,-80.18730164,test,,1970,intersex,Strongly Disagree,Strongly Agree,Slightly Agree,Slightly Agree,Strongly Disagree,Strongly Agree,Slightly Agree,Moderately Disagree,Neither Agree nor Disagree,Moderately Disagree,Strongly Disagree,Neither Agree nor Disagree,Slightly Agree,Slightly Agree,Slightly Agree,Strongly Disagree,Strongly Disagree,Strongly Disagree,Agree,Neutral,Strongly Disagree,Agree
2021-08-11 16:10,2021-08-11 16:10,Survey Test,,100,0,TRUE,2021-08-11 16:10,R_eQWZkjp7SytBtSC,,,,,43.51809692,-80.18730164,test,,1942,intersex,Moderately Disagree,Slightly Agree,Neither Agree nor Disagree,Slightly Disagree,Slightly Agree,Strongly Agree,Moderately Agree,Neither Agree nor Disagree,Neither Agree nor Disagree,Neither Agree nor Disagree,Slightly Agree,Slightly Disagree,Moderately Agree,Slightly Disagree,Strongly Disagree,Slightly Disagree,Neither Agree nor Disagree,Slightly Agree,Agree,Strongly Disagree,Agree,Strongly Agree
2021-08-11 16:10,2021-08-11 16:10,Survey Test,,100,0,TRUE,2021-08-11 16:10,R_bp98XSbNfS4N7YW,,,,,43.51809692,-80.18730164,test,,2000,intersex,Slightly Disagree,Strongly Disagree,Strongly Disagree,Slightly Disagree,Moderately Agree,Neither Agree nor Disagree,Moderately Disagree,Strongly Agree,Moderately Disagree,Slightly Agree,Strongly Agree,Moderately Disagree,Slightly Agree,Moderately Agree,Moderately Agree,Strongly Disagree,Moderately Agree,Slightly Agree,Agree,Strongly Disagree,Disagree,Disagree
2021-08-11 16:11,2021-08-11 16:11,Survey Test,,100,0,TRUE,2021-08-11 16:11,R_0dip36VHkNZmVUy,,,,,43.51809692,-80.18730164,test,,1954,intersex,Slightly Disagree,Strongly Agree,Moderately Disagree,Strongly Agree,Neither Agree nor Disagree,Strongly Agree,Slightly Disagree,Moderately Disagree,Moderately Agree,Strongly Disagree,Moderately Agree,Strongly Disagree,Strongly Disagree,Strongly Disagree,Moderately Agree,Slightly Disagree,Neither Agree nor Disagree,Strongly Agree,Disagree,Strongly Disagree,Agree,Neutral
2021-08-11 16:11,2021-08-11 16:11,Survey Test,,100,0,TRUE,2021-08-11 16:11,R_7OI6wcbk2HUQsYu,,,,,43.51809692,-80.18730164,test,,1975,female,Strongly Agree,Moderately Agree,Moderately Disagree,Slightly Agree,Moderately Agree,Neither Agree nor Disagree,Strongly Agree,Moderately Agree,Slightly Disagree,Strongly Agree,Slightly Disagree,Moderately Disagree,Strongly Agree,Moderately Disagree,Neither Agree nor Disagree,Moderately Disagree,Moderately Disagree,Moderately Disagree,Agree,Neutral,Strongly Agree,Neutral
2021-08-11 16:11,2021-08-11 16:11,Survey Test,,100,0,TRUE,2021-08-11 16:11,R_e5MGaLM8rSQMnwW,,,,,43.51809692,-80.18730164,test,,1941,female,Slightly Agree,Neither Agree nor Disagree,Strongly Disagree,Moderately Disagree,Slightly Disagree,Neither Agree nor Disagree,Slightly Disagree,Strongly Disagree,Moderately Disagree,Strongly Agree,Slightly Disagree,Strongly Disagree,Moderately Agree,Slightly Agree,Slightly Disagree,Neither Agree nor Disagree,Strongly Disagree,Moderately Agree,Strongly Disagree,Neutral,Disagree,Strongly Agree
2021-08-11 16:11,2021-08-11 16:11,Survey Test,,100,0,TRUE,2021-08-11 16:11,R_1ESeoBhkfZT8jem,,,,,43.51809692,-80.18730164,test,,1975,male,Slightly Disagree,Moderately Disagree,Neither Agree nor Disagree,Neither Agree nor Disagree,Neither Agree nor Disagree,Slightly Disagree,Moderately Disagree,Slightly Agree,Neither Agree nor Disagree,Strongly Disagree,Moderately Agree,Moderately Disagree,Neither Agree nor Disagree,Strongly Disagree,Moderately Disagree,Slightly Disagree,Slightly Agree,Slightly Disagree,Strongly Disagree,Agree,Strongly Agree,Agree
2021-08-11 16:11,2021-08-11 16:11,Survey Test,,100,0,TRUE,2021-08-11 16:11,R_71eCFJ7OarBiHzg,,,,,43.51809692,-80.18730164,test,,1950,female,Moderately Disagree,Neither Agree nor Disagree,Strongly Agree,Slightly Agree,Moderately Disagree,Moderately Agree,Slightly Agree,Moderately Disagree,Strongly Disagree,Strongly Agree,Slightly Agree,Moderately Agree,Slightly Agree,Moderately Agree,Slightly Disagree,Moderately Agree,Strongly Agree,Moderately Disagree,Agree,Agree,Strongly Agree,Disagree
2021-08-11 16:11,2021-08-11 16:11,Survey Test,,100,0,TRUE,2021-08-11 16:11,R_0wxQEFo97EzwJoy,,,,,43.51809692,-80.18730164,test,,1994,intersex,Slightly Agree,Slightly Agree,Slightly Agree,Slightly Agree,Slightly Disagree,Slightly Disagree,Strongly Disagree,Slightly Agree,Neither Agree nor Disagree,Moderately Agree,Slightly Disagree,Slightly Agree,Slightly Disagree,Slightly Agree,Moderately Agree,Strongly Agree,Moderately Disagree,Slightly Agree,Strongly Agree,Neutral,Disagree,Strongly Agree
2021-08-11 16:11,2021-08-11 16:11,Survey Test,,100,0,TRUE,2021-08-11 16:11,R_3Pq2rIK31es4S6G,,,,,43.51809692,-80.18730164,test,,1963,female,Moderately Disagree,Strongly Disagree,Moderately Agree,Slightly Disagree,Strongly Disagree,Neither Agree nor Disagree,Strongly Disagree,Strongly Agree,Strongly Agree,Slightly Agree,Neither Agree nor Disagree,Strongly Agree,Strongly Agree,Moderately Disagree,Moderately Agree,Strongly Agree,Slightly Agree,Strongly Disagree,Strongly Agree,Strongly Disagree,Strongly Agree,Agree
2021-08-11 16:11,2021-08-11 16:11,Survey Test,,100,0,TRUE,2021-08-11 16:11,R_06qmhuTMfjbH3ue,,,,,43.51809692,-80.18730164,test,,1956,intersex,Strongly Disagree,Strongly Disagree,Moderately Disagree,Neither Agree nor Disagree,Slightly Disagree,Strongly Agree,Moderately Agree,Slightly Agree,Strongly Agree,Strongly Agree,Slightly Disagree,Moderately Disagree,Neither Agree nor Disagree,Neither Agree nor Disagree,Slightly Agree,Strongly Disagree,Moderately Agree,Strongly Disagree,Agree,Strongly Disagree,Strongly Agree,Strongly Disagree
2021-08-11 16:11,2021-08-11 16:11,Survey Test,,100,0,TRUE,2021-08-11 16:11,R_37sD9WsWX2mCrNs,,,,,43.51809692,-80.18730164,test,,1983,female,Slightly Agree,Neither Agree nor Disagree,Moderately Disagree,Slightly Disagree,Moderately Agree,Slightly Disagree,Slightly Disagree,Moderately Disagree,Moderately Disagree,Slightly Disagree,Moderately Disagree,Slightly Agree,Slightly Agree,Strongly Disagree,Strongly Disagree,Strongly Disagree,Slightly Agree,Slightly Agree,Neutral,Strongly Agree,Neutral,Agree
2021-08-11 16:11,2021-08-11 16:11,Survey Test,,100,0,TRUE,2021-08-11 16:11,R_6y8S0xmyTWwuxkG,,,,,43.51809692,-80.18730164,test,,1946,intersex,Slightly Disagree,Slightly Agree,Strongly Disagree,Slightly Agree,Neither Agree nor Disagree,Slightly Disagree,Moderately Agree,Neither Agree nor Disagree,Moderately Disagree,Slightly Disagree,Strongly Agree,Strongly Agree,Neither Agree nor Disagree,Moderately Disagree,Moderately Disagree,Moderately Disagree,Neither Agree nor Disagree,Moderately Disagree,Neutral,Strongly Disagree,Neutral,Strongly Disagree
2021-08-11 16:11,2021-08-11 16:11,Survey Test,,100,0,TRUE,2021-08-11 16:11,R_9Yzhb7ERMYBjZ9Y,,,,,43.51809692,-80.18730164,test,,1982,male,Neither Agree nor Disagree,Neither Agree nor Disagree,Strongly Disagree,Moderately Disagree,Neither Agree nor Disagree,Slightly Agree,Moderately Disagree,Moderately Agree,Neither Agree nor Disagree,Moderately Disagree,Moderately Agree,Slightly Disagree,Strongly Agree,Strongly Agree,Strongly Disagree,Moderately Agree,Strongly Agree,Neither Agree nor Disagree,Strongly Disagree,Strongly Agree,Neutral,Disagree
2021-08-11 16:11,2021-08-11 16:11,Survey Test,,100,0,TRUE,2021-08-11 16:11,R_cLT8gB3Yolt8tE2,,,,,43.51809692,-80.18730164,test,,1959,intersex,Moderately Agree,Slightly Disagree,Strongly Agree,Slightly Agree,Slightly Disagree,Strongly Agree,Slightly Agree,Neither Agree nor Disagree,Slightly Disagree,Slightly Agree,Slightly Agree,Strongly Disagree,Moderately Agree,Moderately Agree,Moderately Agree,Slightly Agree,Slightly Agree,Moderately Agree,Agree,Neutral,Agree,Strongly Disagree
2021-08-11 16:11,2021-08-11 16:11,Survey Test,,100,0,TRUE,2021-08-11 16:11,R_6r5iLh7Z00VttD8,,,,,43.51809692,-80.18730164,test,,1995,female,Slightly Agree,Slightly Disagree,Strongly Disagree,Slightly Agree,Strongly Agree,Slightly Disagree,Strongly Disagree,Slightly Disagree,Slightly Disagree,Moderately Agree,Moderately Agree,Neither Agree nor Disagree,Moderately Agree,Strongly Disagree,Strongly Disagree,Moderately Agree,Strongly Disagree,Moderately Disagree,Neutral,Disagree,Neutral,Disagree
2021-08-11 16:11,2021-08-11 16:11,Survey Test,,100,0,TRUE,2021-08-11 16:11,R_8qsN0prhqaJnyUC,,,,,43.51809692,-80.18730164,test,,2002,male,Moderately Disagree,Moderately Agree,Strongly Agree,Moderately Disagree,Slightly Agree,Slightly Disagree,Moderately Agree,Strongly Disagree,Slightly Disagree,Slightly Agree,Slightly Disagree,Moderately Disagree,Moderately Agree,Slightly Agree,Slightly Agree,Moderately Disagree,Strongly Agree,Moderately Disagree,Neutral,Agree,Strongly Agree,Neutral
2021-08-11 16:11,2021-08-11 16:11,Survey Test,,100,0,TRUE,2021-08-11 16:11,R_3TWIGrBnIBQtCu2,,,,,43.51809692,-80.18730164,test,,1950,male,Moderately Agree,Strongly Agree,Neither Agree nor Disagree,Strongly Disagree,Strongly Agree,Slightly Agree,Moderately Agree,Slightly Disagree,Moderately Agree,Moderately Disagree,Slightly Disagree,Strongly Disagree,Moderately Agree,Strongly Agree,Neither Agree nor Disagree,Strongly Disagree,Strongly Disagree,Moderately Agree,Disagree,Disagree,Agree,Strongly Disagree
2021-08-11 16:11,2021-08-11 16:11,Survey Test,,100,0,TRUE,2021-08-11 16:11,R_2lU1dY1jUUdXmOG,,,,,43.51809692,-80.18730164,test,,1941,male,Slightly Agree,Strongly Disagree,Slightly Agree,Strongly Agree,Moderately Disagree,Slightly Disagree,Neither Agree nor Disagree,Slightly Disagree,Neither Agree nor Disagree,Slightly Agree,Strongly Agree,Moderately Disagree,Moderately Agree,Slightly Agree,Neither Agree nor Disagree,Slightly Agree,Moderately Disagree,Slightly Disagree,Strongly Disagree,Neutral,Strongly Agree,Neutral
2021-08-11 16:11,2021-08-11 16:11,Survey Test,,100,0,TRUE,2021-08-11 16:11,R_54ScO2p58lKfbYq,,,,,43.51809692,-80.18730164,test,,1979,male,Neither Agree nor Disagree,Moderately Agree,Slightly Disagree,Slightly Disagree,Slightly Agree,Neither Agree nor Disagree,Slightly Disagree,Moderately Disagree,Strongly Agree,Moderately Disagree,Moderately Agree,Strongly Agree,Strongly Disagree,Moderately Agree,Neither Agree nor Disagree,Moderately Disagree,Moderately Agree,Moderately Disagree,Strongly Agree,Neutral,Strongly Disagree,Agree
2021-08-11 16:11,2021-08-11 16:11,Survey Test,,100,0,TRUE,2021-08-11 16:11,R_6Gs5hAYAuC1yhNQ,,,,,43.51809692,-80.18730164,test,,2005,male,Slightly Agree,Strongly Agree,Slightly Disagree,Strongly Disagree,Moderately Disagree,Strongly Disagree,Slightly Disagree,Slightly Agree,Neither Agree nor Disagree,Moderately Disagree,Strongly Agree,Slightly Agree,Neither Agree nor Disagree,Strongly Agree,Neither Agree nor Disagree,Strongly Agree,Moderately Disagree,Moderately Disagree,Agree,Agree,Disagree,Neutral
2021-08-11 16:11,2021-08-11 16:11,Survey Test,,100,0,TRUE,2021-08-11 16:11,R_3aQKeGDvuHrfg46,,,,,43.51809692,-80.18730164,test,,1970,female,Strongly Agree,Slightly Disagree,Moderately Disagree,Moderately Disagree,Slightly Agree,Strongly Disagree,Neither Agree nor Disagree,Strongly Disagree,Moderately Disagree,Slightly Disagree,Slightly Agree,Slightly Agree,Strongly Disagree,Neither Agree nor Disagree,Strongly Agree,Slightly Disagree,Slightly Agree,Strongly Agree,Agree,Strongly Disagree,Neutral,Agree
2021-08-11 16:11,2021-08-11 16:11,Survey Test,,100,0,TRUE,2021-08-11 16:11,R_2ltEBMfh9RPAw1E,,,,,43.51809692,-80.18730164,test,,1996,male,Strongly Agree,Moderately Agree,Moderately Disagree,Strongly Disagree,Slightly Disagree,Slightly Disagree,Moderately Agree,Moderately Disagree,Slightly Agree,Neither Agree nor Disagree,Moderately Disagree,Strongly Disagree,Moderately Disagree,Slightly Agree,Neither Agree nor Disagree,Moderately Agree,Neither Agree nor Disagree,Moderately Disagree,Strongly Agree,Neutral,Strongly Agree,Strongly Disagree
2021-08-11 16:11,2021-08-11 16:11,Survey Test,,100,0,TRUE,2021-08-11 16:11,R_6ooG1PykrAaHq8S,,,,,43.51809692,-80.18730164,test,,1949,intersex,Neither Agree nor Disagree,Slightly Disagree,Moderately Disagree,Slightly Agree,Strongly Disagree,Moderately Agree,Neither Agree nor Disagree,Slightly Agree,Slightly Agree,Moderately Disagree,Strongly Disagree,Strongly Agree,Slightly Agree,Neither Agree nor Disagree,Strongly Disagree,Strongly Disagree,Slightly Disagree,Strongly Agree,Strongly Disagree,Strongly Agree,Neutral,Strongly Agree
2021-08-11 16:11,2021-08-11 16:11,Survey Test,,100,0,TRUE,2021-08-11 16:11,R_4NuGXwUqqS9ztXw,,,,,43.51809692,-80.18730164,test,,1963,intersex,Slightly Disagree,Strongly Agree,Strongly Disagree,Moderately Agree,Slightly Agree,Slightly Agree,Moderately Disagree,Moderately Agree,Moderately Disagree,Moderately Agree,Strongly Agree,Strongly Disagree,Moderately Disagree,Strongly Agree,Strongly Disagree,Neither Agree nor Disagree,Strongly Disagree,Slightly Agree,Disagree,Strongly Disagree,Strongly Agree,Strongly Disagree
2021-08-11 16:11,2021-08-11 16:11,Survey Test,,100,0,TRUE,2021-08-11 16:11,R_a9Lmr6EU9Re1HNk,,,,,43.51809692,-80.18730164,test,,1952,intersex,Strongly Agree,Strongly Agree,Strongly Agree,Strongly Agree,Strongly Disagree,Moderately Agree,Strongly Agree,Slightly Agree,Moderately Disagree,Slightly Agree,Strongly Disagree,Slightly Disagree,Strongly Disagree,Moderately Agree,Strongly Disagree,Slightly Agree,Strongly Disagree,Slightly Agree,Neutral,Neutral,Strongly Disagree,Agree
2021-08-11 16:11,2021-08-11 16:11,Survey Test,,100,0,TRUE,2021-08-11 16:11,R_73ZCgD1lgTNJGxE,,,,,43.51809692,-80.18730164,test,,1965,male,Slightly Disagree,Moderately Disagree,Neither Agree nor Disagree,Slightly Disagree,Slightly Agree,Slightly Disagree,Moderately Disagree,Neither Agree nor Disagree,Moderately Disagree,Moderately Disagree,Slightly Disagree,Slightly Disagree,Slightly Agree,Strongly Disagree,Neither Agree nor Disagree,Neither Agree nor Disagree,Slightly Agree,Strongly Agree,Strongly Disagree,Disagree,Strongly Agree,Strongly Agree
2021-08-11 16:11,2021-08-11 16:11,Survey Test,,100,0,TRUE,2021-08-11 16:11,R_6Jw0BCNCT8hdCgS,,,,,43.51809692,-80.18730164,test,,1960,female,Moderately Disagree,Slightly Agree,Moderately Disagree,Neither Agree nor Disagree,Moderately Disagree,Neither Agree nor Disagree,Neither Agree nor Disagree,Strongly Disagree,Slightly Disagree,Slightly Agree,Strongly Disagree,Neither Agree nor Disagree,Moderately Disagree,Slightly Disagree,Strongly Agree,Slightly Agree,Slightly Disagree,Slightly Agree,Strongly Disagree,Strongly Agree,Agree,Agree
2021-08-11 16:11,2021-08-11 16:11,Survey Test,,100,0,TRUE,2021-08-11 16:11,R_0lmLjW33saVotLM,,,,,43.51809692,-80.18730164,test,,1985,male,Strongly Disagree,Moderately Disagree,Moderately Agree,Strongly Disagree,Moderately Disagree,Moderately Disagree,Strongly Disagree,Slightly Agree,Moderately Disagree,Slightly Disagree,Neither Agree nor Disagree,Strongly Disagree,Slightly Agree,Slightly Agree,Slightly Agree,Slightly Agree,Slightly Disagree,Strongly Disagree,Strongly Disagree,Agree,Neutral,Strongly Agree
2021-08-11 16:11,2021-08-11 16:11,Survey Test,,100,0,TRUE,2021-08-11 16:11,R_ePD9psSsu7xIOsS,,,,,43.51809692,-80.18730164,test,,1962,intersex,Moderately Agree,Moderately Disagree,Strongly Disagree,Moderately Agree,Moderately Disagree,Moderately Agree,Neither Agree nor Disagree,Strongly Disagree,Slightly Disagree,Strongly Agree,Neither Agree nor Disagree,Neither Agree nor Disagree,Slightly Agree,Slightly Disagree,Slightly Agree,Moderately Disagree,Neither Agree nor Disagree,Neither Agree nor Disagree,Neutral,Disagree,Neutral,Strongly Agree
2021-08-11 16:11,2021-08-11 16:11,Survey Test,,100,0,TRUE,2021-08-11 16:11,R_5b6lqZswDNhUTX0,,,,,43.51809692,-80.18730164,test,,1958,intersex,Slightly Disagree,Moderately Disagree,Neither Agree nor Disagree,Strongly Agree,Neither Agree nor Disagree,Slightly Disagree,Moderately Disagree,Slightly Agree,Neither Agree nor Disagree,Strongly Agree,Slightly Agree,Strongly Disagree,Slightly Disagree,Moderately Disagree,Strongly Disagree,Strongly Disagree,Slightly Disagree,Strongly Agree,Neutral,Disagree,Neutral,Agree
2021-08-11 16:11,2021-08-11 16:11,Survey Test,,100,0,TRUE,2021-08-11 16:11,R_5hIwCtKNeLYD41w,,,,,43.51809692,-80.18730164,test,,1954,intersex,Strongly Agree,Neither Agree nor Disagree,Strongly Disagree,Slightly Disagree,Moderately Agree,Neither Agree nor Disagree,Neither Agree nor Disagree,Strongly Agree,Moderately Agree,Neither Agree nor Disagree,Strongly Disagree,Moderately Agree,Moderately Disagree,Strongly Disagree,Slightly Disagree,Slightly Disagree,Strongly Agree,Neither Agree nor Disagree,Strongly Agree,Strongly Disagree,Neutral,Agree
2021-08-11 16:11,2021-08-11 16:11,Survey Test,,100,0,TRUE,2021-08-11 16:11,R_6D7woPCEeWqjcaO,,,,,43.51809692,-80.18730164,test,,1946,male,Moderately Disagree,Strongly Disagree,Slightly Agree,Strongly Disagree,Moderately Agree,Moderately Disagree,Strongly Agree,Strongly Disagree,Strongly Agree,Slightly Agree,Slightly Agree,Strongly Agree,Strongly Agree,Moderately Disagree,Strongly Disagree,Neither Agree nor Disagree,Strongly Agree,Neither Agree nor Disagree,Strongly Agree,Agree,Strongly Agree,Strongly Agree
2021-08-11 16:11,2021-08-11 16:11,Survey Test,,100,0,TRUE,2021-08-11 16:11,R_2h3NITnWYjvXGjs,,,,,43.51809692,-80.18730164,test,,1996,male,Slightly Agree,Moderately Disagree,Neither Agree nor Disagree,Moderately Disagree,Slightly Disagree,Slightly Agree,Moderately Disagree,Neither Agree nor Disagree,Slightly Disagree,Slightly Agree,Strongly Disagree,Neither Agree nor Disagree,Slightly Agree,Strongly Agree,Slightly Disagree,Slightly Disagree,Strongly Disagree,Strongly Agree,Neutral,Agree,Disagree,Agree
2021-08-11 16:11,2021-08-11 16:11,Survey Test,,100,0,TRUE,2021-08-11 16:11,R_6lM8QkhLkWlANoi,,,,,43.51809692,-80.18730164,test,,1970,intersex,Moderately Disagree,Slightly Disagree,Moderately Disagree,Neither Agree nor Disagree,Slightly Disagree,Strongly Disagree,Neither Agree nor Disagree,Slightly Agree,Neither Agree nor Disagree,Moderately Agree,Strongly Agree,Strongly Agree,Neither Agree nor Disagree,Moderately Disagree,Moderately Agree,Moderately Disagree,Strongly Agree,Moderately Disagree,Strongly Disagree,Disagree,Strongly Disagree,Agree
2021-08-11 16:11,2021-08-11 16:11,Survey Test,,100,0,TRUE,2021-08-11 16:11,R_b71olusw8QNtFAi,,,,,43.51809692,-80.18730164,test,,1999,intersex,Moderately Disagree,Moderately Agree,Moderately Disagree,Slightly Disagree,Moderately Disagree,Neither Agree nor Disagree,Strongly Agree,Moderately Disagree,Neither Agree nor Disagree,Moderately Disagree,Strongly Agree,Moderately Disagree,Slightly Disagree,Slightly Agree,Strongly Disagree,Neither Agree nor Disagree,Moderately Disagree,Neither Agree nor Disagree,Strongly Disagree,Agree,Disagree,Agree
2021-08-11 16:11,2021-08-11 16:11,Survey Test,,100,0,TRUE,2021-08-11 16:11,R_79FacoPVUNtTEB8,,,,,43.51809692,-80.18730164,test,,2008,female,Moderately Agree,Slightly Agree,Slightly Disagree,Strongly Disagree,Strongly Disagree,Moderately Agree,Slightly Agree,Slightly Agree,Moderately Agree,Moderately Disagree,Strongly Disagree,Moderately Agree,Slightly Agree,Moderately Agree,Slightly Disagree,Neither Agree nor Disagree,Neither Agree nor Disagree,Strongly Disagree,Neutral,Strongly Agree,Agree,Agree
2021-08-11 16:11,2021-08-11 16:11,Survey Test,,100,0,TRUE,2021-08-11 16:11,R_cGCD5IX3FWE0oUC,,,,,43.51809692,-80.18730164,test,,1985,female,Strongly Disagree,Slightly Agree,Slightly Disagree,Neither Agree nor Disagree,Moderately Agree,Moderately Disagree,Slightly Disagree,Strongly Agree,Neither Agree nor Disagree,Moderately Agree,Neither Agree nor Disagree,Slightly Disagree,Slightly Disagree,Neither Agree nor Disagree,Strongly Disagree,Strongly Disagree,Slightly Agree,Slightly Disagree,Disagree,Strongly Disagree,Disagree,Disagree
2021-08-11 16:11,2021-08-11 16:11,Survey Test,,100,0,TRUE,2021-08-11 16:11,R_bPXMsejLpmSYKVg,,,,,43.51809692,-80.18730164,test,,1998,female,Strongly Agree,Moderately Disagree,Strongly Agree,Neither Agree nor Disagree,Strongly Disagree,Moderately Agree,Slightly Agree,Slightly Agree,Moderately Disagree,Slightly Disagree,Slightly Disagree,Slightly Agree,Moderately Agree,Slightly Disagree,Strongly Agree,Neither Agree nor Disagree,Moderately Disagree,Strongly Disagree,Agree,Agree,Agree,Strongly Disagree
2021-08-11 16:11,2021-08-11 16:11,Survey Test,,100,0,TRUE,2021-08-11 16:11,R_cNK6YZ1XaJoPNVY,,,,,43.51809692,-80.18730164,test,,1981,male,Strongly Disagree,Slightly Disagree,Strongly Disagree,Moderately Disagree,Neither Agree nor Disagree,Moderately Disagree,Neither Agree nor Disagree,Moderately Agree,Moderately Agree,Strongly Disagree,Moderately Agree,Slightly Agree,Moderately Agree,Moderately Disagree,Strongly Agree,Slightly Agree,Moderately Agree,Strongly Agree,Neutral,Disagree,Disagree,Disagree
2021-08-11 16:11,2021-08-11 16:11,Survey Test,,100,0,TRUE,2021-08-11 16:11,R_et9dqJj9uKAZC3I,,,,,43.51809692,-80.18730164,test,,2000,female,Slightly Disagree,Strongly Disagree,Moderately Agree,Slightly Agree,Moderately Agree,Strongly Disagree,Slightly Agree,Slightly Agree,Neither Agree nor Disagree,Slightly Agree,Slightly Disagree,Moderately Agree,Slightly Agree,Strongly Agree,Slightly Disagree,Strongly Disagree,Neither Agree nor Disagree,Strongly Agree,Agree,Disagree,Agree,Strongly Disagree
2021-08-11 16:11,2021-08-11 16:11,Survey Test,,100,0,TRUE,2021-08-11 16:11,R_3OwgkUzUISHHUHQ,,,,,43.51809692,-80.18730164,test,,1968,male,Strongly Disagree,Strongly Agree,Strongly Disagree,Strongly Disagree,Moderately Agree,Strongly Agree,Slightly Agree,Strongly Disagree,Slightly Agree,Strongly Disagree,Strongly Agree,Moderately Disagree,Neither Agree nor Disagree,Strongly Agree,Slightly Disagree,Slightly Disagree,Slightly Disagree,Neither Agree nor Disagree,Strongly Disagree,Neutral,Disagree,Neutral
2021-08-11 16:11,2021-08-11 16:11,Survey Test,,100,0,TRUE,2021-08-11 16:11,R_bae3Sy3YCJ67QpM,,,,,43.51809692,-80.18730164,test,,1992,male,Slightly Agree,Moderately Disagree,Moderately Agree,Moderately Agree,Strongly Disagree,Moderately Agree,Moderately Disagree,Moderately Agree,Neither Agree nor Disagree,Slightly Disagree,Slightly Disagree,Moderately Agree,Slightly Agree,Strongly Agree,Neither Agree nor Disagree,Strongly Agree,Slightly Disagree,Neither Agree nor Disagree,Disagree,Strongly Agree,Strongly Disagree,Strongly Disagree
2021-08-11 16:11,2021-08-11 16:11,Survey Test,,100,0,TRUE,2021-08-11 16:11,R_0ppNWExnhbuzYVM,,,,,43.51809692,-80.18730164,test,,1993,male,Strongly Disagree,Strongly Disagree,Slightly Agree,Neither Agree nor Disagree,Slightly Disagree,Slightly Disagree,Slightly Disagree,Slightly Disagree,Moderately Agree,Slightly Agree,Neither Agree nor Disagree,Slightly Agree,Strongly Disagree,Moderately Agree,Moderately Agree,Strongly Agree,Slightly Agree,Strongly Agree,Strongly Disagree,Agree,Strongly Agree,Neutral
2021-08-11 16:11,2021-08-11 16:11,Survey Test,,100,0,TRUE,2021-08-11 16:11,R_eqxhIbPYtoOBUNw,,,,,43.51809692,-80.18730164,test,,1952,intersex,Moderately Disagree,Moderately Agree,Moderately Agree,Moderately Agree,Moderately Disagree,Neither Agree nor Disagree,Moderately Disagree,Strongly Disagree,Slightly Disagree,Strongly Agree,Strongly Agree,Neither Agree nor Disagree,Strongly Agree,Strongly Disagree,Strongly Disagree,Slightly Disagree,Slightly Disagree,Slightly Agree,Strongly Disagree,Agree,Disagree,Strongly Agree
2021-08-11 16:11,2021-08-11 16:11,Survey Test,,100,0,TRUE,2021-08-11 16:11,R_9LZtBAc2LKWQb3M,,,,,43.51809692,-80.18730164,test,,1953,intersex,Slightly Agree,Neither Agree nor Disagree,Moderately Agree,Slightly Agree,Slightly Disagree,Slightly Agree,Strongly Agree,Strongly Agree,Strongly Agree,Moderately Disagree,Moderately Disagree,Strongly Disagree,Slightly Agree,Moderately Agree,Strongly Disagree,Moderately Agree,Moderately Agree,Moderately Agree,Agree,Disagree,Strongly Agree,Strongly Disagree
2021-08-11 16:11,2021-08-11 16:11,Survey Test,,100,0,TRUE,2021-08-11 16:11,R_784NLHZDxQyTHQG,,,,,43.51809692,-80.18730164,test,,1969,intersex,Strongly Agree,Strongly Agree,Moderately Disagree,Moderately Agree,Strongly Agree,Strongly Agree,Neither Agree nor Disagree,Neither Agree nor Disagree,Neither Agree nor Disagree,Slightly Agree,Moderately Agree,Strongly Agree,Moderately Disagree,Moderately Disagree,Strongly Disagree,Moderately Agree,Strongly Disagree,Slightly Disagree,Neutral,Strongly Disagree,Strongly Disagree,Strongly Disagree
2021-08-11 16:11,2021-08-11 16:11,Survey Test,,100,0,TRUE,2021-08-11 16:11,R_3EmevcGquyfrFgW,,,,,43.51809692,-80.18730164,test,,2000,intersex,Moderately Disagree,Slightly Agree,Moderately Disagree,Moderately Agree,Strongly Agree,Moderately Disagree,Strongly Agree,Strongly Agree,Neither Agree nor Disagree,Moderately Disagree,Neither Agree nor Disagree,Slightly Agree,Strongly Agree,Slightly Disagree,Moderately Disagree,Strongly Disagree,Moderately Disagree,Moderately Agree,Neutral,Neutral,Strongly Agree,Disagree
2021-08-11 16:11,2021-08-11 16:11,Survey Test,,100,1,TRUE,2021-08-11 16:11,R_9z2NB745LXV9PSe,,,,,43.51809692,-80.18730164,test,,1949,female,Slightly Disagree,Strongly Disagree,Slightly Agree,Slightly Agree,Strongly Agree,Moderately Agree,Strongly Agree,Moderately Disagree,Neither Agree nor Disagree,Slightly Disagree,Strongly Disagree,Moderately Agree,Slightly Agree,Neither Agree nor Disagree,Slightly Disagree,Moderately Agree,Slightly Disagree,Slightly Agree,Disagree,Neutral,Disagree,Disagree
2021-08-11 16:11,2021-08-11 16:11,Survey Test,,100,0,TRUE,2021-08-11 16:11,R_2se8GqDBJRNDN5A,,,,,43.51809692,-80.18730164,test,,1958,female,Moderately Disagree,Slightly Disagree,Neither Agree nor Disagree,Neither Agree nor Disagree,Slightly Disagree,Slightly Agree,Moderately Disagree,Strongly Agree,Neither Agree nor Disagree,Neither Agree nor Disagree,Slightly Disagree,Strongly Disagree,Moderately Agree,Moderately Agree,Neither Agree nor Disagree,Strongly Agree,Slightly Agree,Slightly Agree,Agree,Strongly Disagree,Disagree,Neutral
2021-08-11 16:11,2021-08-11 16:11,Survey Test,,100,0,TRUE,2021-08-11 16:11,R_bIsoN4xcEIU9xwq,,,,,43.51809692,-80.18730164,test,,1945,female,Slightly Agree,Moderately Disagree,Moderately Agree,Moderately Agree,Neither Agree nor Disagree,Strongly Agree,Strongly Disagree,Neither Agree nor Disagree,Neither Agree nor Disagree,Strongly Agree,Slightly Agree,Moderately Agree,Slightly Agree,Moderately Disagree,Moderately Agree,Slightly Disagree,Strongly Disagree,Strongly Agree,Strongly Disagree,Disagree,Agree,Neutral
2021-08-11 16:11,2021-08-11 16:11,Survey Test,,100,0,TRUE,2021-08-11 16:11,R_exEFSCCgVefeQKy,,,,,43.51809692,-80.18730164,test,,1965,male,Neither Agree nor Disagree,Moderately Disagree,Strongly Disagree,Moderately Disagree,Slightly Agree,Moderately Disagree,Neither Agree nor Disagree,Neither Agree nor Disagree,Strongly Disagree,Neither Agree nor Disagree,Moderately Disagree,Moderately Agree,Slightly Agree,Strongly Agree,Strongly Agree,Slightly Agree,Neither Agree nor Disagree,Slightly Agree,Strongly Agree,Strongly Agree,Strongly Agree,Agree
2021-08-11 16:11,2021-08-11 16:11,Survey Test,,100,0,TRUE,2021-08-11 16:11,R_4HgJ78fOk1EcF1Q,,,,,43.51809692,-80.18730164,test,,1985,intersex,Moderately Agree,Moderately Disagree,Moderately Agree,Strongly Agree,Slightly Agree,Slightly Agree,Strongly Agree,Slightly Disagree,Strongly Disagree,Moderately Disagree,Slightly Agree,Moderately Agree,Moderately Agree,Strongly Disagree,Strongly Disagree,Strongly Disagree,Slightly Agree,Strongly Disagree,Strongly Disagree,Strongly Agree,Strongly Agree,Neutral
2021-08-11 16:11,2021-08-11 16:11,Survey Test,,100,0,TRUE,2021-08-11 16:11,R_7PboBgWTH5RjxSC,,,,,43.51809692,-80.18730164,test,,1992,female,Neither Agree nor Disagree,Moderately Agree,Strongly Agree,Moderately Agree,Strongly Disagree,Moderately Agree,Neither Agree nor Disagree,Moderately Agree,Slightly Agree,Strongly Disagree,Slightly Agree,Slightly Disagree,Strongly Agree,Moderately Disagree,Moderately Agree,Neither Agree nor Disagree,Moderately Agree,Strongly Agree,Strongly Disagree,Neutral,Strongly Disagree,Strongly Disagree
2021-08-11 16:11,2021-08-11 16:11,Survey Test,,100,0,TRUE,2021-08-11 16:11,R_eJzN8KUD990Eu9g,,,,,43.51809692,-80.18730164,test,,1960,intersex,Slightly Disagree,Moderately Agree,Strongly Agree,Moderately Agree,Neither Agree nor Disagree,Strongly Disagree,Moderately Agree,Moderately Agree,Neither Agree nor Disagree,Slightly Disagree,Slightly Agree,Neither Agree nor Disagree,Moderately Disagree,Moderately Agree,Moderately Agree,Slightly Agree,Neither Agree nor Disagree,Strongly Disagree,Disagree,Strongly Agree,Agree,Neutral
2021-08-11 16:11,2021-08-11 16:11,Survey Test,,100,0,TRUE,2021-08-11 16:11,R_a5WuKYjJdYVw7lk,,,,,43.51809692,-80.18730164,test,,1979,male,Strongly Agree,Slightly Disagree,Neither Agree nor Disagree,Strongly Agree,Slightly Agree,Strongly Disagree,Moderately Agree,Slightly Agree,Slightly Disagree,Strongly Disagree,Moderately Agree,Strongly Disagree,Moderately Agree,Moderately Disagree,Strongly Disagree,Slightly Disagree,Slightly Disagree,Moderately Agree,Strongly Disagree,Disagree,Neutral,Disagree
2021-08-11 16:11,2021-08-11 16:11,Survey Test,,100,0,TRUE,2021-08-11 16:11,R_a4uQaofwB9I2UPc,,,,,43.51809692,-80.18730164,test,,1981,intersex,Moderately Agree,Neither Agree nor Disagree,Moderately Agree,Slightly Agree,Slightly Disagree,Neither Agree nor Disagree,Slightly Disagree,Strongly Agree,Strongly Disagree,Moderately Disagree,Moderately Agree,Strongly Disagree,Slightly Agree,Neither Agree nor Disagree,Strongly Agree,Strongly Agree,Strongly Agree,Slightly Disagree,Strongly Disagree,Agree,Disagree,Agree
2021-08-11 16:11,2021-08-11 16:11,Survey Test,,100,0,TRUE,2021-08-11 16:11,R_eP6LTLgYv3mmhfw,,,,,43.51809692,-80.18730164,test,,1988,intersex,Slightly Agree,Slightly Agree,Moderately Agree,Strongly Disagree,Moderately Disagree,Slightly Agree,Neither Agree nor Disagree,Neither Agree nor Disagree,Strongly Agree,Slightly Agree,Slightly Disagree,Slightly Disagree,Slightly Agree,Slightly Disagree,Strongly Agree,Moderately Agree,Neither Agree nor Disagree,Slightly Agree,Strongly Agree,Disagree,Neutral,Neutral
2021-08-11 16:11,2021-08-11 16:11,Survey Test,,100,0,TRUE,2021-08-11 16:11,R_0dgQd893yvAnWv4,,,,,43.51809692,-80.18730164,test,,1986,intersex,Moderately Agree,Slightly Agree,Moderately Agree,Strongly Agree,Moderately Agree,Moderately Agree,Slightly Agree,Strongly Disagree,Moderately Agree,Strongly Agree,Strongly Agree,Moderately Agree,Neither Agree nor Disagree,Neither Agree nor Disagree,Moderately Agree,Strongly Agree,Slightly Disagree,Moderately Agree,Neutral,Neutral,Neutral,Agree
2021-08-11 16:11,2021-08-11 16:11,Survey Test,,100,0,TRUE,2021-08-11 16:11,R_56V3MtAE87d2q3k,,,,,43.51809692,-80.18730164,test,,1979,male,Slightly Agree,Strongly Agree,Moderately Disagree,Moderately Agree,Moderately Disagree,Slightly Disagree,Neither Agree nor Disagree,Neither Agree nor Disagree,Slightly Agree,Strongly Disagree,Moderately Agree,Strongly Disagree,Strongly Disagree,Moderately Disagree,Strongly Disagree,Slightly Disagree,Moderately Agree,Slightly Disagree,Neutral,Agree,Strongly Disagree,Neutral
2021-08-11 16:11,2021-08-11 16:11,Survey Test,,100,0,TRUE,2021-08-11 16:11,R_bQoVRrxluqdbRcy,,,,,43.51809692,-80.18730164,test,,1957,male,Moderately Agree,Slightly Agree,Moderately Disagree,Strongly Disagree,Neither Agree nor Disagree,Slightly Agree,Slightly Agree,Slightly Agree,Strongly Agree,Neither Agree nor Disagree,Moderately Disagree,Strongly Agree,Slightly Disagree,Moderately Agree,Moderately Agree,Moderately Disagree,Neither Agree nor Disagree,Strongly Disagree,Strongly Agree,Agree,Disagree,Strongly Agree
2021-08-11 16:11,2021-08-11 16:11,Survey Test,,100,0,TRUE,2021-08-11 16:11,R_0GPk5w2ypfLFb7M,,,,,43.51809692,-80.18730164,test,,1950,intersex,Strongly Agree,Strongly Agree,Slightly Disagree,Moderately Agree,Slightly Agree,Moderately Disagree,Strongly Agree,Strongly Disagree,Strongly Disagree,Moderately Disagree,Neither Agree nor Disagree,Strongly Agree,Strongly Disagree,Moderately Agree,Moderately Agree,Slightly Disagree,Strongly Disagree,Strongly Disagree,Neutral,Neutral,Agree,Neutral
2021-08-11 16:11,2021-08-11 16:11,Survey Test,,100,0,TRUE,2021-08-11 16:11,R_2geKrWzNhWLiYhE,,,,,43.51809692,-80.18730164,test,,1966,female,Strongly Agree,Neither Agree nor Disagree,Strongly Disagree,Moderately Agree,Neither Agree nor Disagree,Strongly Agree,Moderately Agree,Moderately Agree,Neither Agree nor Disagree,Slightly Disagree,Slightly Agree,Strongly Disagree,Slightly Disagree,Strongly Agree,Neither Agree nor Disagree,Strongly Agree,Moderately Disagree,Slightly Agree,Strongly Disagree,Agree,Neutral,Disagree
2021-08-11 16:11,2021-08-11 16:11,Survey Test,,100,0,TRUE,2021-08-11 16:11,R_1Y0JhXN30tbC4nk,,,,,43.51809692,-80.18730164,test,,1987,male,Slightly Disagree,Moderately Agree,Slightly Agree,Strongly Disagree,Slightly Disagree,Strongly Disagree,Slightly Agree,Strongly Disagree,Moderately Agree,Strongly Agree,Slightly Disagree,Slightly Agree,Moderately Disagree,Moderately Disagree,Strongly Disagree,Slightly Agree,Slightly Disagree,Slightly Disagree,Disagree,Strongly Agree,Strongly Disagree,Agree
2021-08-11 16:11,2021-08-11 16:11,Survey Test,,100,0,TRUE,2021-08-11 16:11,R_erIgyXzcTroiAxU,,,,,43.51809692,-80.18730164,test,,1983,female,Slightly Agree,Strongly Disagree,Moderately Agree,Moderately Disagree,Slightly Disagree,Strongly Agree,Slightly Disagree,Strongly Agree,Strongly Agree,Slightly Disagree,Slightly Disagree,Moderately Disagree,Moderately Disagree,Slightly Agree,Moderately Disagree,Neither Agree nor Disagree,Strongly Agree,Moderately Disagree,Strongly Disagree,Neutral,Neutral,Strongly Agree
2021-08-11 16:11,2021-08-11 16:11,Survey Test,,100,0,TRUE,2021-08-11 16:11,R_2gDJDobXsziLt3w,,,,,43.51809692,-80.18730164,test,,1991,male,Moderately Disagree,Moderately Disagree,Strongly Agree,Moderately Disagree,Slightly Agree,Strongly Agree,Slightly Disagree,Strongly Disagree,Strongly Agree,Slightly Disagree,Strongly Disagree,Slightly Agree,Strongly Disagree,Slightly Disagree,Neither Agree nor Disagree,Moderately Disagree,Moderately Disagree,Strongly Agree,Strongly Agree,Strongly Disagree,Strongly Agree,Disagree
2021-08-11 16:11,2021-08-11 16:11,Survey Test,,100,0,TRUE,2021-08-11 16:11,R_diJ4lmIamor8MTk,,,,,43.51809692,-80.18730164,test,,1977,female,Strongly Disagree,Moderately Agree,Moderately Disagree,Neither Agree nor Disagree,Slightly Agree,Neither Agree nor Disagree,Strongly Disagree,Moderately Disagree,Neither Agree nor Disagree,Moderately Disagree,Slightly Disagree,Moderately Agree,Neither Agree nor Disagree,Strongly Disagree,Strongly Agree,Strongly Disagree,Strongly Disagree,Slightly Agree,Strongly Agree,Strongly Disagree,Strongly Disagree,Agree
2021-08-11 16:11,2021-08-11 16:11,Survey Test,,100,0,TRUE,2021-08-11 16:11,R_06Sv5NtmPyd4BhQ,,,,,43.51809692,-80.18730164,test,,1950,intersex,Slightly Agree,Moderately Agree,Slightly Agree,Strongly Agree,Slightly Disagree,Slightly Disagree,Strongly Agree,Strongly Agree,Moderately Agree,Strongly Disagree,Moderately Agree,Slightly Agree,Moderately Agree,Moderately Disagree,Moderately Disagree,Slightly Disagree,Strongly Agree,Strongly Agree,Neutral,Disagree,Strongly Agree,Agree
2021-08-11 16:11,2021-08-11 16:11,Survey Test,,100,0,TRUE,2021-08-11 16:11,R_byEPvRfQMya9cbA,,,,,43.51809692,-80.18730164,test,,1993,female,Moderately Agree,Moderately Agree,Moderately Agree,Slightly Disagree,Slightly Disagree,Slightly Disagree,Slightly Agree,Strongly Agree,Moderately Disagree,Strongly Disagree,Slightly Disagree,Moderately Agree,Neither Agree nor Disagree,Slightly Disagree,Moderately Agree,Strongly Agree,Slightly Disagree,Moderately Disagree,Disagree,Agree,Neutral,Agree
2021-08-11 16:11,2021-08-11 16:11,Survey Test,,100,0,TRUE,2021-08-11 16:11,R_bdQviPGD6y9d0Oi,,,,,43.51809692,-80.18730164,test,,1996,intersex,Moderately Agree,Strongly Disagree,Strongly Disagree,Strongly Agree,Moderately Agree,Moderately Agree,Strongly Disagree,Neither Agree nor Disagree,Slightly Disagree,Strongly Disagree,Slightly Agree,Moderately Agree,Strongly Agree,Strongly Disagree,Strongly Agree,Slightly Agree,Strongly Agree,Moderately Agree,Strongly Agree,Strongly Agree,Disagree,Disagree
2021-08-11 16:11,2021-08-11 16:11,Survey Test,,100,0,TRUE,2021-08-11 16:11,R_5Aok96eRtaC8rxc,,,,,43.51809692,-80.18730164,test,,1988,intersex,Moderately Disagree,Moderately Disagree,Strongly Agree,Moderately Agree,Slightly Disagree,Neither Agree nor Disagree,Moderately Agree,Moderately Disagree,Moderately Agree,Neither Agree nor Disagree,Slightly Agree,Moderately Agree,Strongly Disagree,Strongly Agree,Slightly Disagree,Moderately Agree,Strongly Agree,Slightly Disagree,Strongly Agree,Neutral,Disagree,Strongly Disagree
2021-08-11 16:11,2021-08-11 16:11,Survey Test,,100,0,TRUE,2021-08-11 16:11,R_bOTbdnM5PQezjCe,,,,,43.51809692,-80.18730164,test,,1981,male,Moderately Disagree,Moderately Disagree,Slightly Agree,Neither Agree nor Disagree,Neither Agree nor Disagree,Neither Agree nor Disagree,Strongly Disagree,Neither Agree nor Disagree,Neither Agree nor Disagree,Slightly Disagree,Slightly Disagree,Slightly Disagree,Moderately Agree,Slightly Agree,Neither Agree nor Disagree,Moderately Disagree,Slightly Disagree,Moderately Disagree,Disagree,Disagree,Strongly Agree,Neutral
2021-08-11 16:11,2021-08-11 16:11,Survey Test,,100,0,TRUE,2021-08-11 16:11,R_3QtXAl9Mhqv2doO,,,,,43.51809692,-80.18730164,test,,1967,female,Slightly Agree,Moderately Disagree,Slightly Disagree,Strongly Disagree,Neither Agree nor Disagree,Strongly Disagree,Strongly Disagree,Slightly Disagree,Slightly Agree,Slightly Disagree,Slightly Agree,Neither Agree nor Disagree,Slightly Disagree,Moderately Agree,Strongly Disagree,Moderately Disagree,Slightly Agree,Strongly Disagree,Disagree,Agree,Disagree,Agree
2021-08-11 16:11,2021-08-11 16:11,Survey Test,,100,0,TRUE,2021-08-11 16:11,R_bC8xSRFTqkJ0378,,,,,43.51809692,-80.18730164,test,,1990,male,Strongly Agree,Moderately Agree,Neither Agree nor Disagree,Neither Agree nor Disagree,Neither Agree nor Disagree,Slightly Agree,Slightly Disagree,Slightly Disagree,Neither Agree nor Disagree,Slightly Agree,Moderately Agree,Moderately Agree,Strongly Disagree,Neither Agree nor Disagree,Moderately Disagree,Moderately Agree,Neither Agree nor Disagree,Slightly Agree,Strongly Agree,Agree,Neutral,Neutral
2021-08-11 16:11,2021-08-11 16:11,Survey Test,,100,0,TRUE,2021-08-11 16:11,R_3R9PsCYWRY9n6CO,,,,,43.51809692,-80.18730164,test,,1956,male,Strongly Disagree,Slightly Disagree,Moderately Disagree,Strongly Disagree,Slightly Agree,Slightly Agree,Moderately Agree,Slightly Disagree,Moderately Agree,Moderately Disagree,Moderately Agree,Strongly Disagree,Moderately Agree,Moderately Agree,Moderately Agree,Slightly Agree,Slightly Disagree,Slightly Disagree,Disagree,Strongly Disagree,Strongly Agree,Strongly Agree
2021-08-11 16:11,2021-08-11 16:11,Survey Test,,100,0,TRUE,2021-08-11 16:11,R_0esx9TpJp98xmHY,,,,,43.51809692,-80.18730164,test,,1961,male,Slightly Agree,Strongly Disagree,Moderately Disagree,Neither Agree nor Disagree,Neither Agree nor Disagree,Moderately Agree,Slightly Agree,Neither Agree nor Disagree,Moderately Disagree,Slightly Disagree,Neither Agree nor Disagree,Slightly Agree,Neither Agree nor Disagree,Neither Agree nor Disagree,Neither Agree nor Disagree,Slightly Disagree,Neither Agree nor Disagree,Slightly Agree,Agree,Strongly Disagree,Agree,Disagree
2021-08-11 16:11,2021-08-11 16:11,Survey Test,,100,0,TRUE,2021-08-11 16:11,R_1FYBP4GOqKXmWuG,,,,,43.51809692,-80.18730164,test,,1958,female,Moderately Disagree,Slightly Agree,Strongly Disagree,Strongly Agree,Slightly Disagree,Strongly Disagree,Slightly Agree,Strongly Disagree,Strongly Disagree,Moderately Disagree,Moderately Disagree,Moderately Disagree,Slightly Disagree,Moderately Agree,Moderately Disagree,Moderately Disagree,Strongly Disagree,Neither Agree nor Disagree,Disagree,Disagree,Disagree,Agree
2021-08-11 16:11,2021-08-11 16:11,Survey Test,,100,0,TRUE,2021-08-11 16:11,R_cH1hWqKGwmCOPGe,,,,,43.51809692,-80.18730164,test,,2005,male,Strongly Disagree,Moderately Agree,Slightly Disagree,Strongly Disagree,Moderately Disagree,Slightly Agree,Slightly Disagree,Slightly Disagree,Strongly Disagree,Moderately Agree,Strongly Disagree,Slightly Agree,Slightly Disagree,Moderately Disagree,Slightly Disagree,Slightly Disagree,Slightly Disagree,Neither Agree nor Disagree,Disagree,Strongly Agree,Disagree,Strongly Disagree
2021-08-11 16:11,2021-08-11 16:11,Survey Test,,100,0,TRUE,2021-08-11 16:11,R_3QnBYJ9rvsiMt14,,,,,43.51809692,-80.18730164,test,,1944,female,Moderately Agree,Slightly Disagree,Slightly Disagree,Moderately Disagree,Neither Agree nor Disagree,Slightly Disagree,Moderately Agree,Slightly Disagree,Slightly Disagree,Moderately Disagree,Strongly Agree,Slightly Agree,Strongly Agree,Slightly Disagree,Slightly Agree,Slightly Agree,Strongly Disagree,Strongly Agree,Disagree,Strongly Disagree,Strongly Disagree,Strongly Agree
2021-08-11 16:11,2021-08-11 16:11,Survey Test,,100,0,TRUE,2021-08-11 16:11,R_6rEu1XTlACyr93M,,,,,43.51809692,-80.18730164,test,,1949,intersex,Slightly Agree,Strongly Disagree,Slightly Disagree,Slightly Agree,Strongly Disagree,Neither Agree nor Disagree,Moderately Agree,Slightly Disagree,Neither Agree nor Disagree,Moderately Agree,Moderately Disagree,Moderately Disagree,Slightly Agree,Neither Agree nor Disagree,Slightly Agree,Strongly Agree,Moderately Agree,Strongly Agree,Strongly Agree,Disagree,Agree,Strongly Disagree
2021-08-11 16:11,2021-08-11 16:11,Survey Test,,100,0,TRUE,2021-08-11 16:11,R_06qf2ULRaIC72GW,,,,,43.51809692,-80.18730164,test,,2010,male,Strongly Disagree,Moderately Disagree,Strongly Agree,Slightly Agree,Strongly Agree,Neither Agree nor Disagree,Strongly Agree,Neither Agree nor Disagree,Strongly Disagree,Strongly Agree,Moderately Agree,Moderately Agree,Moderately Disagree,Slightly Agree,Slightly Agree,Slightly Agree,Slightly Disagree,Strongly Disagree,Strongly Disagree,Disagree,Neutral,Disagree
2021-08-11 16:11,2021-08-11 16:11,Survey Test,,100,0,TRUE,2021-08-11 16:11,R_9KuXUc78X5gu7Ai,,,,,43.51809692,-80.18730164,test,,2006,intersex,Slightly Disagree,Slightly Agree,Slightly Agree,Neither Agree nor Disagree,Strongly Disagree,Strongly Agree,Neither Agree nor Disagree,Slightly Disagree,Slightly Disagree,Strongly Disagree,Slightly Disagree,Neither Agree nor Disagree,Strongly Agree,Moderately Agree,Neither Agree nor Disagree,Slightly Disagree,Moderately Agree,Strongly Agree,Disagree,Agree,Strongly Agree,Strongly Agree
2021-08-11 16:11,2021-08-11 16:11,Survey Test,,100,0,TRUE,2021-08-11 16:11,R_cuxUcyVzQzVTyLQ,,,,,43.51809692,-80.18730164,test,,2000,female,Neither Agree nor Disagree,Slightly Agree,Slightly Agree,Strongly Disagree,Moderately Disagree,Moderately Disagree,Strongly Disagree,Slightly Disagree,Moderately Agree,Moderately Agree,Strongly Agree,Slightly Agree,Strongly Agree,Strongly Agree,Moderately Disagree,Slightly Agree,Neither Agree nor Disagree,Neither Agree nor Disagree,Neutral,Strongly Disagree,Agree,Neutral
2021-08-11 16:11,2021-08-11 16:11,Survey Test,,100,0,TRUE,2021-08-11 16:11,R_74ELyrIgkoTpfG6,,,,,43.51809692,-80.18730164,test,,1984,female,Moderately Agree,Moderately Agree,Slightly Disagree,Slightly Agree,Slightly Agree,Slightly Agree,Slightly Agree,Moderately Disagree,Strongly Disagree,Neither Agree nor Disagree,Moderately Agree,Strongly Agree,Neither Agree nor Disagree,Moderately Agree,Slightly Agree,Moderately Agree,Moderately Disagree,Slightly Disagree,Agree,Agree,Strongly Agree,Agree
2021-08-11 16:11,2021-08-11 16:11,Survey Test,,100,0,TRUE,2021-08-11 16:11,R_4I8rnEkLcKBOOV0,,,,,43.51809692,-80.18730164,test,,2001,male,Moderately Agree,Moderately Disagree,Strongly Agree,Neither Agree nor Disagree,Strongly Agree,Strongly Agree,Moderately Agree,Slightly Disagree,Moderately Disagree,Slightly Disagree,Slightly Agree,Strongly Disagree,Strongly Disagree,Moderately Disagree,Moderately Disagree,Strongly Agree,Strongly Agree,Moderately Agree,Neutral,Neutral,Strongly Agree,Strongly Agree
2021-08-11 16:11,2021-08-11 16:11,Survey Test,,100,0,TRUE,2021-08-11 16:11,R_37SHo5JEwiPk1rU,,,,,43.51809692,-80.18730164,test,,1971,intersex,Slightly Agree,Slightly Disagree,Slightly Disagree,Moderately Disagree,Slightly Agree,Strongly Disagree,Strongly Disagree,Moderately Agree,Moderately Disagree,Slightly Disagree,Moderately Agree,Strongly Agree,Neither Agree nor Disagree,Strongly Disagree,Neither Agree nor Disagree,Slightly Disagree,Moderately Agree,Neither Agree nor Disagree,Neutral,Agree,Strongly Disagree,Disagree
2021-08-11 16:11,2021-08-11 16:11,Survey Test,,100,0,TRUE,2021-08-11 16:11,R_54MCbYbKIe9M4js,,,,,43.51809692,-80.18730164,test,,1964,male,Strongly Agree,Slightly Disagree,Moderately Agree,Strongly Agree,Strongly Agree,Moderately Agree,Moderately Disagree,Moderately Disagree,Moderately Agree,Strongly Agree,Slightly Disagree,Strongly Disagree,Strongly Disagree,Slightly Disagree,Slightly Agree,Neither Agree nor Disagree,Moderately Disagree,Strongly Disagree,Strongly Agree,Disagree,Agree,Disagree
2021-08-11 16:11,2021-08-11 16:11,Survey Test,,100,0,TRUE,2021-08-11 16:11,R_6ygBejaylNCJjnw,,,,,43.51809692,-80.18730164,test,,1982,intersex,Strongly Disagree,Strongly Disagree,Moderately Agree,Strongly Disagree,Moderately Agree,Strongly Agree,Moderately Disagree,Strongly Disagree,Strongly Agree,Strongly Agree,Slightly Agree,Slightly Agree,Neither Agree nor Disagree,Neither Agree nor Disagree,Moderately Agree,Slightly Disagree,Moderately Agree,Slightly Disagree,Strongly Disagree,Strongly Agree,Disagree,Strongly Agree
2021-08-11 16:11,2021-08-11 16:11,Survey Test,,100,0,TRUE,2021-08-11 16:11,R_2rGHRPGXdruUo98,,,,,43.51809692,-80.18730164,test,,1966,male,Moderately Agree,Moderately Agree,Slightly Disagree,Moderately Agree,Moderately Disagree,Strongly Disagree,Strongly Agree,Slightly Disagree,Strongly Agree,Slightly Agree,Strongly Agree,Slightly Disagree,Moderately Agree,Moderately Agree,Moderately Disagree,Slightly Agree,Slightly Agree,Moderately Agree,Neutral,Strongly Agree,Disagree,Disagree
2021-08-11 16:11,2021-08-11 16:11,Survey Test,,100,0,TRUE,2021-08-11 16:11,R_3HIGmZbX5JDc1AG,,,,,43.51809692,-80.18730164,test,,1961,male,Neither Agree nor Disagree,Strongly Disagree,Strongly Agree,Moderately Disagree,Neither Agree nor Disagree,Neither Agree nor Disagree,Moderately Agree,Moderately Agree,Strongly Agree,Moderately Agree,Neither Agree nor Disagree,Slightly Agree,Moderately Agree,Moderately Disagree,Strongly Disagree,Moderately Agree,Neither Agree nor Disagree,Neither Agree nor Disagree,Strongly Agree,Strongly Agree,Agree,Disagree
2021-08-11 16:11,2021-08-11 16:11,Survey Test,,100,0,TRUE,2021-08-11 16:11,R_5uwY1bwKAUTYAVE,,,,,43.51809692,-80.18730164,test,,1984,female,Neither Agree nor Disagree,Strongly Disagree,Slightly Disagree,Strongly Disagree,Strongly Disagree,Neither Agree nor Disagree,Strongly Disagree,Moderately Agree,Strongly Agree,Slightly Disagree,Neither Agree nor Disagree,Moderately Disagree,Neither Agree nor Disagree,Slightly Disagree,Strongly Disagree,Strongly Agree,Moderately Disagree,Slightly Agree,Strongly Disagree,Strongly Agree,Strongly Agree,Disagree
2021-08-11 16:11,2021-08-11 16:11,Survey Test,,100,0,TRUE,2021-08-11 16:11,R_51pZHTh0W8Zjwwu,,,,,43.51809692,-80.18730164,test,,1940,intersex,Moderately Agree,Strongly Agree,Slightly Agree,Slightly Agree,Moderately Agree,Moderately Disagree,Strongly Disagree,Slightly Agree,Strongly Disagree,Slightly Disagree,Moderately Disagree,Strongly Agree,Slightly Agree,Slightly Disagree,Moderately Agree,Moderately Disagree,Slightly Agree,Neither Agree nor Disagree,Neutral,Strongly Disagree,Strongly Disagree,Neutral
2021-08-11 16:11,2021-08-11 16:11,Survey Test,,100,0,TRUE,2021-08-11 16:11,R_ai1cdpoRHPDVnhk,,,,,43.51809692,-80.18730164,test,,2009,intersex,Moderately Agree,Slightly Disagree,Moderately Agree,Neither Agree nor Disagree,Moderately Agree,Neither Agree nor Disagree,Neither Agree nor Disagree,Neither Agree nor Disagree,Neither Agree nor Disagree,Slightly Agree,Slightly Disagree,Strongly Agree,Moderately Disagree,Slightly Disagree,Slightly Disagree,Neither Agree nor Disagree,Strongly Disagree,Strongly Disagree,Disagree,Agree,Agree,Neutral
2021-08-11 16:11,2021-08-11 16:11,Survey Test,,100,0,TRUE,2021-08-11 16:11,R_0Bz9qh565PolRY2,,,,,43.51809692,-80.18730164,test,,1960,intersex,Slightly Disagree,Moderately Disagree,Neither Agree nor Disagree,Slightly Disagree,Moderately Disagree,Neither Agree nor Disagree,Moderately Disagree,Strongly Disagree,Strongly Disagree,Strongly Agree,Strongly Agree,Moderately Agree,Slightly Disagree,Slightly Disagree,Slightly Disagree,Slightly Agree,Moderately Disagree,Strongly Disagree,Disagree,Strongly Agree,Disagree,Agree
2021-08-11 16:11,2021-08-11 16:11,Survey Test,,100,0,TRUE,2021-08-11 16:11,R_201er93EJtwTSOW,,,,,43.51809692,-80.18730164,test,,1952,intersex,Slightly Agree,Slightly Agree,Moderately Disagree,Strongly Disagree,Strongly Disagree,Moderately Disagree,Neither Agree nor Disagree,Slightly Disagree,Strongly Disagree,Slightly Agree,Moderately Disagree,Moderately Disagree,Strongly Disagree,Moderately Agree,Moderately Agree,Strongly Disagree,Strongly Agree,Strongly Agree,Agree,Strongly Disagree,Agree,Strongly Agree
2021-08-11 16:11,2021-08-11 16:11,Survey Test,,100,0,TRUE,2021-08-11 16:11,R_4JwCfz9GTZKrdrM,,,,,43.51809692,-80.18730164,test,,1945,intersex,Slightly Agree,Neither Agree nor Disagree,Strongly Agree,Strongly Agree,Slightly Disagree,Moderately Disagree,Moderately Agree,Slightly Disagree,Strongly Agree,Moderately Disagree,Strongly Disagree,Strongly Agree,Moderately Agree,Strongly Agree,Strongly Agree,Slightly Disagree,Moderately Disagree,Moderately Disagree,Strongly Agree,Strongly Agree,Strongly Agree,Disagree
2021-08-11 16:11,2021-08-11 16:11,Survey Test,,100,0,TRUE,2021-08-11 16:11,R_7aiwckImiwGufI2,,,,,43.51809692,-80.18730164,test,,2000,male,Slightly Agree,Strongly Agree,Strongly Disagree,Strongly Agree,Slightly Disagree,Slightly Disagree,Strongly Agree,Moderately Agree,Neither Agree nor Disagree,Slightly Agree,Moderately Agree,Moderately Disagree,Strongly Disagree,Neither Agree nor Disagree,Neither Agree nor Disagree,Strongly Agree,Slightly Disagree,Slightly Disagree,Neutral,Strongly Disagree,Disagree,Disagree
2021-08-11 16:11,2021-08-11 16:11,Survey Test,,100,0,TRUE,2021-08-11 16:11,R_0Huh3tRBxLOkBO6,,,,,43.51809692,-80.18730164,test,,1972,intersex,Strongly Disagree,Slightly Disagree,Slightly Disagree,Slightly Disagree,Moderately Disagree,Slightly Agree,Strongly Agree,Moderately Disagree,Slightly Agree,Moderately Agree,Strongly Disagree,Strongly Agree,Neither Agree nor Disagree,Moderately Disagree,Strongly Disagree,Slightly Agree,Strongly Agree,Strongly Disagree,Neutral,Disagree,Agree,Strongly Disagree
2021-08-11 16:11,2021-08-11 16:11,Survey Test,,100,0,TRUE,2021-08-11 16:11,R_dhdgJBcPej6UqH4,,,,,43.51809692,-80.18730164,test,,1998,intersex,Neither Agree nor Disagree,Moderately Agree,Strongly Disagree,Moderately Agree,Moderately Disagree,Slightly Disagree,Slightly Disagree,Strongly Disagree,Moderately Agree,Moderately Agree,Moderately Agree,Moderately Agree,Neither Agree nor Disagree,Moderately Disagree,Slightly Disagree,Moderately Agree,Moderately Disagree,Neither Agree nor Disagree,Disagree,Disagree,Neutral,Disagree
2021-08-11 16:11,2021-08-11 16:11,Survey Test,,100,0,TRUE,2021-08-11 16:11,R_e8qJlxkd1YboHKm,,,,,43.51809692,-80.18730164,test,,1998,male,Moderately Disagree,Slightly Agree,Moderately Disagree,Moderately Agree,Neither Agree nor Disagree,Moderately Agree,Moderately Agree,Moderately Agree,Slightly Agree,Slightly Disagree,Slightly Agree,Slightly Agree,Slightly Disagree,Slightly Disagree,Neither Agree nor Disagree,Slightly Disagree,Moderately Disagree,Slightly Disagree,Agree,Disagree,Agree,Strongly Disagree
2021-08-11 16:11,2021-08-11 16:11,Survey Test,,100,0,TRUE,2021-08-11 16:11,R_3q6LCGdTUBPIKns,,,,,43.51809692,-80.18730164,test,,1955,intersex,Moderately Disagree,Slightly Disagree,Moderately Agree,Strongly Disagree,Slightly Disagree,Slightly Disagree,Slightly Disagree,Strongly Disagree,Strongly Agree,Moderately Disagree,Moderately Agree,Slightly Agree,Moderately Agree,Moderately Disagree,Strongly Agree,Strongly Agree,Neither Agree nor Disagree,Strongly Agree,Disagree,Disagree,Strongly Disagree,Disagree
2021-08-11 16:11,2021-08-11 16:11,Survey Test,,100,0,TRUE,2021-08-11 16:11,R_cI7DjQ9nXamXx8q,,,,,43.51809692,-80.18730164,test,,1988,female,Neither Agree nor Disagree,Slightly Disagree,Neither Agree nor Disagree,Moderately Agree,Moderately Disagree,Strongly Agree,Neither Agree nor Disagree,Strongly Agree,Neither Agree nor Disagree,Neither Agree nor Disagree,Neither Agree nor Disagree,Slightly Agree,Slightly Agree,Moderately Disagree,Neither Agree nor Disagree,Strongly Disagree,Slightly Disagree,Strongly Agree,Strongly Agree,Strongly Disagree,Neutral,Strongly Agree
2021-08-11 16:11,2021-08-11 16:11,Survey Test,,100,0,TRUE,2021-08-11 16:11,R_8v8CnsvLSbZP3Su,,,,,43.51809692,-80.18730164,test,,1957,intersex,Strongly Disagree,Moderately Agree,Strongly Agree,Slightly Agree,Slightly Disagree,Slightly Agree,Moderately Disagree,Strongly Disagree,Strongly Agree,Moderately Disagree,Moderately Agree,Strongly Disagree,Moderately Disagree,Neither Agree nor Disagree,Neither Agree nor Disagree,Neither Agree nor Disagree,Slightly Agree,Moderately Disagree,Neutral,Disagree,Disagree,Strongly Agree